-- phpMyAdmin SQL Dump
-- version 4.8.5
-- https://www.phpmyadmin.net/
--
-- Host: localhost:3306
-- Generation Time: Sep 02, 2019 at 02:41 PM
-- Server version: 5.7.24
-- PHP Version: 7.2.11

SET SQL_MODE = "NO_AUTO_VALUE_ON_ZERO";
SET AUTOCOMMIT = 0;
START TRANSACTION;
SET time_zone = "+00:00";


/*!40101 SET @OLD_CHARACTER_SET_CLIENT=@@CHARACTER_SET_CLIENT */;
/*!40101 SET @OLD_CHARACTER_SET_RESULTS=@@CHARACTER_SET_RESULTS */;
/*!40101 SET @OLD_COLLATION_CONNECTION=@@COLLATION_CONNECTION */;
/*!40101 SET NAMES utf8mb4 */;

--
-- Database: `darsihmadbd`
--

-- --------------------------------------------------------

--
-- Table structure for table `areas`
--

DROP TABLE IF EXISTS `areas`;
CREATE TABLE `areas` (
  `id_area` int(10) UNSIGNED NOT NULL,
  `area` varchar(50) COLLATE utf8mb4_unicode_ci NOT NULL,
  `description` text COLLATE utf8mb4_unicode_ci,
  `status_id` tinyint(3) UNSIGNED NOT NULL DEFAULT '1',
  `created_at` timestamp NULL DEFAULT NULL,
  `updated_at` timestamp NULL DEFAULT NULL
) ENGINE=InnoDB DEFAULT CHARSET=utf8mb4 COLLATE=utf8mb4_unicode_ci;

--
-- Dumping data for table `areas`
--

INSERT INTO `areas` (`id_area`, `area`, `description`, `status_id`, `created_at`, `updated_at`) VALUES
(1, 'Maroc sud', 'Sud-ouest du Maroc', 1, NULL, NULL),
(2, 'Maroc nord', 'Nord du Maroc', 1, NULL, NULL),
(3, 'Amérique du sud', 'Colombie', 1, NULL, NULL),
(4, 'Québec', 'Portneuf city', 1, NULL, NULL);

-- --------------------------------------------------------

--
-- Table structure for table `countries`
--

DROP TABLE IF EXISTS `countries`;
CREATE TABLE `countries` (
  `id_country` smallint(5) UNSIGNED NOT NULL,
  `country` varchar(150) COLLATE utf8mb4_unicode_ci NOT NULL,
  `created_at` timestamp NULL DEFAULT NULL,
  `updated_at` timestamp NULL DEFAULT NULL
) ENGINE=InnoDB DEFAULT CHARSET=utf8mb4 COLLATE=utf8mb4_unicode_ci;

--
-- Dumping data for table `countries`
--

INSERT INTO `countries` (`id_country`, `country`, `created_at`, `updated_at`) VALUES
(1, 'Afghanistan', NULL, NULL),
(2, 'Afrique du Sud', NULL, NULL),
(3, 'Albanie', NULL, NULL),
(4, 'Algérie', NULL, NULL),
(5, 'Allemagne', NULL, NULL),
(6, 'Andorre', NULL, NULL),
(7, 'Angola', NULL, NULL),
(8, 'Anguilla', NULL, NULL),
(9, 'Antarctique', NULL, NULL),
(10, 'Antigua-et-Barbuda', NULL, NULL),
(11, 'Antilles néerlandaises', NULL, NULL),
(12, 'Arabie saoudite', NULL, NULL),
(13, 'Argentine', NULL, NULL),
(14, 'Arménie', NULL, NULL),
(15, 'Aruba', NULL, NULL),
(16, 'Australie', NULL, NULL),
(17, 'Autriche', NULL, NULL),
(18, 'Azerbaïdjan', NULL, NULL),
(19, 'Bahamas', NULL, NULL),
(20, 'Bahreïn', NULL, NULL),
(21, 'Bangladesh', NULL, NULL),
(22, 'Barbade', NULL, NULL),
(23, 'Bélarus', NULL, NULL),
(24, 'Belgique', NULL, NULL),
(25, 'Belize', NULL, NULL),
(26, 'Bénin', NULL, NULL),
(27, 'Bermudes', NULL, NULL),
(28, 'Bhoutan', NULL, NULL),
(29, 'Bolivie', NULL, NULL),
(30, 'Bosnie-Herzégovine', NULL, NULL),
(31, 'Botswana', NULL, NULL),
(32, 'Brésil', NULL, NULL),
(33, 'Brunéi Darussalam', NULL, NULL),
(34, 'Bulgarie', NULL, NULL),
(35, 'Burkina Faso', NULL, NULL),
(36, 'Burundi', NULL, NULL),
(37, 'Cambodge', NULL, NULL),
(38, 'Cameroun', NULL, NULL),
(39, 'Canada', NULL, NULL),
(40, 'Cap-Vert', NULL, NULL),
(41, 'Ceuta et Melilla', NULL, NULL),
(42, 'Chili', NULL, NULL),
(43, 'Chine', NULL, NULL),
(44, 'Chypre', NULL, NULL),
(45, 'Colombie', NULL, NULL),
(46, 'Comores', NULL, NULL),
(47, 'Congo-Brazzaville', NULL, NULL),
(48, 'Corée du Nord', NULL, NULL),
(49, 'Corée du Sud', NULL, NULL),
(50, 'Costa Rica', NULL, NULL),
(51, 'Côte d’Ivoire', NULL, NULL),
(52, 'Croatie', NULL, NULL),
(53, 'Cuba', NULL, NULL),
(54, 'Danemark', NULL, NULL),
(55, 'Diego Garcia', NULL, NULL),
(56, 'Djibouti', NULL, NULL),
(57, 'Dominique', NULL, NULL),
(58, 'Égypte', NULL, NULL),
(59, 'El Salvador', NULL, NULL),
(60, 'Émirats arabes unis', NULL, NULL),
(61, 'Équateur', NULL, NULL),
(62, 'Érythrée', NULL, NULL),
(63, 'Espagne', NULL, NULL),
(64, 'Estonie', NULL, NULL),
(65, 'État de la Cité du Vatican', NULL, NULL),
(66, 'États fédérés de Micronésie', NULL, NULL),
(67, 'États-Unis', NULL, NULL),
(68, 'Éthiopie', NULL, NULL),
(69, 'Fidji', NULL, NULL),
(70, 'Finlande', NULL, NULL),
(71, 'France', NULL, NULL),
(72, 'Gabon', NULL, NULL),
(73, 'Gambie', NULL, NULL),
(74, 'Géorgie', NULL, NULL),
(75, 'Géorgie du Sud et les îles Sandwich du Sud', NULL, NULL),
(76, 'Ghana', NULL, NULL),
(77, 'Gibraltar', NULL, NULL),
(78, 'Grèce', NULL, NULL),
(79, 'Grenade', NULL, NULL),
(80, 'Groenland', NULL, NULL),
(81, 'Guadeloupe', NULL, NULL),
(82, 'Guam', NULL, NULL),
(83, 'Guatemala', NULL, NULL),
(84, 'Guernesey', NULL, NULL),
(85, 'Guinée', NULL, NULL),
(86, 'Guinée équatoriale', NULL, NULL),
(87, 'Guinée-Bissau', NULL, NULL),
(88, 'Guyana', NULL, NULL),
(89, 'Guyane française', NULL, NULL),
(90, 'Haïti', NULL, NULL),
(91, 'Honduras', NULL, NULL),
(92, 'Hongrie', NULL, NULL),
(93, 'Île Bouvet', NULL, NULL),
(94, 'Île Christmas', NULL, NULL),
(95, 'Île Clipperton', NULL, NULL),
(96, 'Île de l\'Ascension', NULL, NULL),
(97, 'Île de Man', NULL, NULL),
(98, 'Île Norfolk', NULL, NULL),
(99, 'Îles Åland', NULL, NULL),
(100, 'Îles Caïmans', NULL, NULL),
(101, 'Îles Canaries', NULL, NULL),
(102, 'Îles Cocos - Keeling', NULL, NULL),
(103, 'Îles Cook', NULL, NULL),
(104, 'Îles Féroé', NULL, NULL),
(105, 'Îles Heard et MacDonald', NULL, NULL),
(106, 'Îles Malouines', NULL, NULL),
(107, 'Îles Mariannes du Nord', NULL, NULL),
(108, 'Îles Marshall', NULL, NULL),
(109, 'Îles Mineures Éloignées des États-Unis', NULL, NULL),
(110, 'Îles Salomon', NULL, NULL),
(111, 'Îles Turks et Caïques', NULL, NULL),
(112, 'Îles Vierges britanniques', NULL, NULL),
(113, 'Îles Vierges des États-Unis', NULL, NULL),
(114, 'Inde', NULL, NULL),
(115, 'Indonésie', NULL, NULL),
(116, 'Irak', NULL, NULL),
(117, 'Iran', NULL, NULL),
(118, 'Irlande', NULL, NULL),
(119, 'Islande', NULL, NULL),
(120, 'Israël', NULL, NULL),
(121, 'Italie', NULL, NULL),
(122, 'Jamaïque', NULL, NULL),
(123, 'Japon', NULL, NULL),
(124, 'Jersey', NULL, NULL),
(125, 'Jordanie', NULL, NULL),
(126, 'Kazakhstan', NULL, NULL),
(127, 'Kenya', NULL, NULL),
(128, 'Kirghizistan', NULL, NULL),
(129, 'Kiribati', NULL, NULL),
(130, 'Koweït', NULL, NULL),
(131, 'Laos', NULL, NULL),
(132, 'Lesotho', NULL, NULL),
(133, 'Lettonie', NULL, NULL),
(134, 'Liban', NULL, NULL),
(135, 'Libéria', NULL, NULL),
(136, 'Libye', NULL, NULL),
(137, 'Liechtenstein', NULL, NULL),
(138, 'Lituanie', NULL, NULL),
(139, 'Luxembourg', NULL, NULL),
(140, 'Macédoine', NULL, NULL),
(141, 'Madagascar', NULL, NULL),
(142, 'Malaisie', NULL, NULL),
(143, 'Malawi', NULL, NULL),
(144, 'Maldives', NULL, NULL),
(145, 'Mali', NULL, NULL),
(146, 'Malte', NULL, NULL),
(147, 'Maroc', NULL, NULL),
(148, 'Martinique', NULL, NULL),
(149, 'Maurice', NULL, NULL),
(150, 'Mauritanie', NULL, NULL),
(151, 'Mayotte', NULL, NULL),
(152, 'Mexique', NULL, NULL),
(153, 'Moldavie', NULL, NULL),
(154, 'Monaco', NULL, NULL),
(155, 'Mongolie', NULL, NULL),
(156, 'Monténégro', NULL, NULL),
(157, 'Montserrat', NULL, NULL),
(158, 'Mozambique', NULL, NULL),
(159, 'Myanmar', NULL, NULL),
(160, 'Namibie', NULL, NULL),
(161, 'Nauru', NULL, NULL),
(162, 'Népal', NULL, NULL),
(163, 'Nicaragua', NULL, NULL),
(164, 'Niger', NULL, NULL),
(165, 'Nigéria', NULL, NULL),
(166, 'Niue', NULL, NULL),
(167, 'Norvège', NULL, NULL),
(168, 'Nouvelle-Calédonie', NULL, NULL),
(169, 'Nouvelle-Zélande', NULL, NULL),
(170, 'Oman', NULL, NULL),
(171, 'Ouganda', NULL, NULL),
(172, 'Ouzbékistan', NULL, NULL),
(173, 'Pakistan', NULL, NULL),
(174, 'Palaos', NULL, NULL),
(175, 'Panama', NULL, NULL),
(176, 'Papouasie-Nouvelle-Guinée', NULL, NULL),
(177, 'Paraguay', NULL, NULL),
(178, 'Pays-Bas', NULL, NULL),
(179, 'Pérou', NULL, NULL),
(180, 'Philippines', NULL, NULL),
(181, 'Pitcairn', NULL, NULL),
(182, 'Pologne', NULL, NULL),
(183, 'Polynésie française', NULL, NULL),
(184, 'Porto Rico', NULL, NULL),
(185, 'Portugal', NULL, NULL),
(186, 'Qatar', NULL, NULL),
(187, 'R.A.S. chinoise de Hong Kong', NULL, NULL),
(188, 'R.A.S. chinoise de Macao', NULL, NULL),
(189, 'régions éloignées de l’Océanie', NULL, NULL),
(190, 'République centrafricaine', NULL, NULL),
(191, 'République démocratique du Congo', NULL, NULL),
(192, 'République dominicaine', NULL, NULL),
(193, 'République tchèque', NULL, NULL),
(194, 'Réunion', NULL, NULL),
(195, 'Roumanie', NULL, NULL),
(196, 'Royaume-Uni', NULL, NULL),
(197, 'Russie', NULL, NULL),
(198, 'Rwanda', NULL, NULL),
(199, 'Sahara occidental', NULL, NULL),
(200, 'Saint-Barthélémy', NULL, NULL),
(201, 'Saint-Kitts-et-Nevis', NULL, NULL),
(202, 'Saint-Marin', NULL, NULL),
(203, 'Saint-Martin', NULL, NULL),
(204, 'Saint-Pierre-et-Miquelon', NULL, NULL),
(205, 'Saint-Vincent-et-les Grenadines', NULL, NULL),
(206, 'Sainte-Hélène', NULL, NULL),
(207, 'Sainte-Lucie', NULL, NULL),
(208, 'Samoa', NULL, NULL),
(209, 'Samoa américaines', NULL, NULL),
(210, 'Sao Tomé-et-Principe', NULL, NULL),
(211, 'Sénégal', NULL, NULL),
(212, 'Serbie', NULL, NULL),
(213, 'Serbie-et-Monténégro', NULL, NULL),
(214, 'Seychelles', NULL, NULL),
(215, 'Sierra Leone', NULL, NULL),
(216, 'Singapour', NULL, NULL),
(217, 'Slovaquie', NULL, NULL),
(218, 'Slovénie', NULL, NULL),
(219, 'Somalie', NULL, NULL),
(220, 'Soudan', NULL, NULL),
(221, 'Sri Lanka', NULL, NULL),
(222, 'Suède', NULL, NULL),
(223, 'Suisse', NULL, NULL),
(224, 'Suriname', NULL, NULL),
(225, 'Svalbard et Île Jan Mayen', NULL, NULL),
(226, 'Swaziland', NULL, NULL),
(227, 'Syrie', NULL, NULL),
(228, 'Tadjikistan', NULL, NULL),
(229, 'Taïwan', NULL, NULL),
(230, 'Tanzanie', NULL, NULL),
(231, 'Tchad', NULL, NULL),
(232, 'Terres australes françaises', NULL, NULL),
(233, 'Territoire britannique de l\'océan Indien', NULL, NULL),
(234, 'Territoire palestinien', NULL, NULL),
(235, 'Thaïlande', NULL, NULL),
(236, 'Timor oriental', NULL, NULL),
(237, 'Togo', NULL, NULL),
(238, 'Tokelau', NULL, NULL),
(239, 'Tonga', NULL, NULL),
(240, 'Trinité-et-Tobago', NULL, NULL),
(241, 'Tristan da Cunha', NULL, NULL),
(242, 'Tunisie', NULL, NULL),
(243, 'Turkménistan', NULL, NULL),
(244, 'Turquie', NULL, NULL),
(245, 'Tuvalu', NULL, NULL),
(246, 'Ukraine', NULL, NULL),
(247, 'Union européenne', NULL, NULL),
(248, 'Uruguay', NULL, NULL),
(249, 'Vanuatu', NULL, NULL),
(250, 'Venezuela', NULL, NULL),
(251, 'Viêt Nam', NULL, NULL),
(252, 'Wallis-et-Futuna', NULL, NULL),
(253, 'Yémen', NULL, NULL),
(254, 'Zambie', NULL, NULL),
(255, 'Zimbabwe', NULL, NULL);

-- --------------------------------------------------------

--
-- Table structure for table `datas`
--

DROP TABLE IF EXISTS `datas`;
CREATE TABLE `datas` (
  `id_data` int(10) UNSIGNED NOT NULL,
  `mmPrecipitation` double(8,2) NOT NULL,
  `rH` double(8,2) DEFAULT NULL,
  `temperatureCelsus` double(8,2) DEFAULT NULL,
  `minWet450` double(8,2) DEFAULT NULL,
  `minWet460` double(8,2) DEFAULT NULL,
  `lWSCounts` double(8,2) DEFAULT NULL,
  `pulseCountsPort4` double(8,2) DEFAULT NULL,
  `pulseCountsPort5` double(8,2) DEFAULT NULL,
  `MeasurementTime` datetime NOT NULL,
  `filet_id` int(10) UNSIGNED NOT NULL,
  `user_id` int(10) UNSIGNED NOT NULL,
  `created_at` timestamp NULL DEFAULT NULL,
  `updated_at` timestamp NULL DEFAULT NULL
) ENGINE=InnoDB DEFAULT CHARSET=utf8mb4 COLLATE=utf8mb4_unicode_ci;

--
-- Dumping data for table `datas`
--

INSERT INTO `datas` (`id_data`, `mmPrecipitation`, `rH`, `temperatureCelsus`, `minWet450`, `minWet460`, `lWSCounts`, `pulseCountsPort4`, `pulseCountsPort5`, `MeasurementTime`, `filet_id`, `user_id`, `created_at`, `updated_at`) VALUES
(1, 6.00, 77.00, 0.00, NULL, NULL, NULL, NULL, NULL, '2017-11-12 02:38:49', 18, 1, '2019-06-05 20:28:32', '2019-06-05 20:28:32'),
(2, 1.00, 31.00, 38.00, NULL, NULL, NULL, NULL, NULL, '2018-01-01 05:01:22', 15, 1, '2019-06-05 20:28:32', '2019-06-05 20:28:32'),
(3, 0.00, 45.00, 26.00, NULL, NULL, NULL, NULL, NULL, '2017-12-25 10:11:44', 7, 1, '2019-06-05 20:28:32', '2019-06-05 20:28:32'),
(4, 5.00, 96.00, 29.00, NULL, NULL, NULL, NULL, NULL, '2019-05-15 13:59:58', 4, 1, '2019-06-05 20:28:32', '2019-06-05 20:28:32'),
(5, 3.00, 16.00, 17.00, NULL, NULL, NULL, NULL, NULL, '2018-09-25 07:01:50', 6, 1, '2019-06-05 20:28:32', '2019-06-05 20:28:32'),
(6, 1.00, 88.00, 9.00, NULL, NULL, NULL, NULL, NULL, '2019-03-06 05:23:38', 2, 1, '2019-06-05 20:28:32', '2019-06-05 20:28:32'),
(7, 5.00, 80.00, 29.00, NULL, NULL, NULL, NULL, NULL, '2019-01-20 23:14:49', 1, 1, '2019-06-05 20:28:32', '2019-06-05 20:28:32'),
(8, 5.00, 23.00, 0.00, NULL, NULL, NULL, NULL, NULL, '2017-09-16 18:41:08', 14, 1, '2019-06-05 20:28:32', '2019-06-05 20:28:32'),
(9, 0.00, 98.00, 34.00, NULL, NULL, NULL, NULL, NULL, '2019-04-22 10:39:15', 9, 1, '2019-06-05 20:28:32', '2019-06-05 20:28:32'),
(10, 2.00, 44.00, 29.00, NULL, NULL, NULL, NULL, NULL, '2017-08-29 09:17:42', 19, 1, '2019-06-05 20:28:32', '2019-06-05 20:28:32'),
(11, 4.00, 25.00, 39.00, NULL, NULL, NULL, NULL, NULL, '2019-04-23 00:46:25', 19, 1, '2019-06-05 20:28:32', '2019-06-05 20:28:32'),
(12, 2.00, 93.00, 33.00, NULL, NULL, NULL, NULL, NULL, '2018-01-21 06:14:32', 1, 1, '2019-06-05 20:28:32', '2019-06-05 20:28:32'),
(13, 1.00, 25.00, 27.00, NULL, NULL, NULL, NULL, NULL, '2017-10-30 23:51:44', 1, 1, '2019-06-05 20:28:32', '2019-06-05 20:28:32'),
(14, 1.00, 36.00, 25.00, NULL, NULL, NULL, NULL, NULL, '2017-06-30 19:36:37', 1, 1, '2019-06-05 20:28:32', '2019-06-05 20:28:32'),
(15, 3.00, 15.00, 35.00, NULL, NULL, NULL, NULL, NULL, '2018-07-08 06:18:51', 6, 1, '2019-06-05 20:28:32', '2019-06-05 20:28:32'),
(16, 0.00, 52.00, 20.00, NULL, NULL, NULL, NULL, NULL, '2018-10-31 07:05:15', 13, 1, '2019-06-05 20:28:32', '2019-06-05 20:28:32'),
(17, 3.00, 92.00, 5.00, NULL, NULL, NULL, NULL, NULL, '2018-12-24 13:35:05', 3, 1, '2019-06-05 20:28:32', '2019-06-05 20:28:32'),
(18, 5.00, 92.00, 27.00, NULL, NULL, NULL, NULL, NULL, '2019-01-25 19:10:24', 20, 1, '2019-06-05 20:28:32', '2019-06-05 20:28:32'),
(19, 3.00, 60.00, 36.00, NULL, NULL, NULL, NULL, NULL, '2018-10-15 14:24:58', 17, 1, '2019-06-05 20:28:32', '2019-06-05 20:28:32'),
(20, 4.00, 15.00, 26.00, NULL, NULL, NULL, NULL, NULL, '2018-09-24 20:17:14', 4, 1, '2019-06-05 20:28:32', '2019-06-05 20:28:32'),
(21, 3.00, 4.00, 21.00, NULL, NULL, NULL, NULL, NULL, '2018-02-12 02:55:19', 18, 1, '2019-06-05 20:28:32', '2019-06-05 20:28:32'),
(22, 7.00, 14.00, 2.00, NULL, NULL, NULL, NULL, NULL, '2017-10-03 21:33:07', 7, 1, '2019-06-05 20:28:32', '2019-06-05 20:28:32'),
(23, 0.00, 89.00, 26.00, NULL, NULL, NULL, NULL, NULL, '2019-02-06 11:06:09', 20, 1, '2019-06-05 20:28:32', '2019-06-05 20:28:32'),
(24, 8.00, 18.00, 15.00, NULL, NULL, NULL, NULL, NULL, '2019-02-20 21:31:54', 8, 1, '2019-06-05 20:28:32', '2019-06-05 20:28:32'),
(25, 1.00, 2.00, 16.00, NULL, NULL, NULL, NULL, NULL, '2019-01-14 05:53:30', 16, 1, '2019-06-05 20:28:32', '2019-06-05 20:28:32'),
(26, 6.00, 17.00, 25.00, NULL, NULL, NULL, NULL, NULL, '2018-07-05 02:58:55', 18, 1, '2019-06-05 20:28:32', '2019-06-05 20:28:32'),
(27, 2.00, 18.00, 3.00, NULL, NULL, NULL, NULL, NULL, '2019-05-07 17:44:52', 2, 1, '2019-06-05 20:28:32', '2019-06-05 20:28:32'),
(28, 1.00, 48.00, 1.00, NULL, NULL, NULL, NULL, NULL, '2019-04-13 19:42:06', 20, 1, '2019-06-05 20:28:32', '2019-06-05 20:28:32'),
(29, 0.00, 96.00, 21.00, NULL, NULL, NULL, NULL, NULL, '2019-02-22 13:11:19', 8, 1, '2019-06-05 20:28:32', '2019-06-05 20:28:32'),
(30, 3.00, 4.00, 9.00, NULL, NULL, NULL, NULL, NULL, '2018-04-06 19:16:35', 15, 1, '2019-06-05 20:28:32', '2019-06-05 20:28:32'),
(31, 3.00, 58.00, 27.00, NULL, NULL, NULL, NULL, NULL, '2017-12-29 06:20:55', 9, 1, '2019-06-05 20:28:32', '2019-06-05 20:28:32'),
(32, 7.00, 59.00, 12.00, NULL, NULL, NULL, NULL, NULL, '2018-10-31 00:34:51', 20, 1, '2019-06-05 20:28:32', '2019-06-05 20:28:32'),
(33, 4.00, 5.00, 34.00, NULL, NULL, NULL, NULL, NULL, '2017-10-25 01:15:24', 10, 1, '2019-06-05 20:28:32', '2019-06-05 20:28:32'),
(34, 8.00, 29.00, 7.00, NULL, NULL, NULL, NULL, NULL, '2017-06-17 03:39:03', 12, 1, '2019-06-05 20:28:32', '2019-06-05 20:28:32'),
(35, 5.00, 14.00, 33.00, NULL, NULL, NULL, NULL, NULL, '2019-01-22 17:59:02', 15, 1, '2019-06-05 20:28:32', '2019-06-05 20:28:32'),
(36, 4.00, 60.00, 7.00, NULL, NULL, NULL, NULL, NULL, '2017-07-13 04:35:08', 1, 1, '2019-06-05 20:28:32', '2019-06-05 20:28:32'),
(37, 8.00, 76.00, 13.00, NULL, NULL, NULL, NULL, NULL, '2018-01-12 05:00:38', 14, 1, '2019-06-05 20:28:32', '2019-06-05 20:28:32'),
(38, 7.00, 8.00, 14.00, NULL, NULL, NULL, NULL, NULL, '2018-10-25 07:09:08', 11, 1, '2019-06-05 20:28:32', '2019-06-05 20:28:32'),
(39, 3.00, 36.00, 3.00, NULL, NULL, NULL, NULL, NULL, '2018-12-17 21:50:54', 20, 1, '2019-06-05 20:28:32', '2019-06-05 20:28:32'),
(40, 0.00, 90.00, 36.00, NULL, NULL, NULL, NULL, NULL, '2017-12-22 23:18:52', 11, 1, '2019-06-05 20:28:32', '2019-06-05 20:28:32'),
(41, 3.00, 20.00, 1.00, NULL, NULL, NULL, NULL, NULL, '2018-02-15 16:43:20', 10, 1, '2019-06-05 20:28:32', '2019-06-05 20:28:32'),
(42, 9.00, 39.00, 17.00, NULL, NULL, NULL, NULL, NULL, '2019-03-03 15:19:38', 15, 1, '2019-06-05 20:28:32', '2019-06-05 20:28:32'),
(43, 6.00, 32.00, 40.00, NULL, NULL, NULL, NULL, NULL, '2018-03-05 21:02:31', 15, 1, '2019-06-05 20:28:32', '2019-06-05 20:28:32'),
(44, 9.00, 73.00, 14.00, NULL, NULL, NULL, NULL, NULL, '2018-06-20 17:37:18', 15, 1, '2019-06-05 20:28:32', '2019-06-05 20:28:32'),
(45, 4.00, 85.00, 34.00, NULL, NULL, NULL, NULL, NULL, '2017-11-21 02:37:16', 20, 1, '2019-06-05 20:28:32', '2019-06-05 20:28:32'),
(46, 9.00, 92.00, 4.00, NULL, NULL, NULL, NULL, NULL, '2017-09-05 07:48:41', 18, 1, '2019-06-05 20:28:32', '2019-06-05 20:28:32'),
(47, 4.00, 93.00, 29.00, NULL, NULL, NULL, NULL, NULL, '2017-12-29 03:37:30', 14, 1, '2019-06-05 20:28:32', '2019-06-05 20:28:32'),
(48, 3.00, 10.00, 35.00, NULL, NULL, NULL, NULL, NULL, '2017-09-26 06:31:55', 13, 1, '2019-06-05 20:28:32', '2019-06-05 20:28:32'),
(49, 8.00, 43.00, 14.00, NULL, NULL, NULL, NULL, NULL, '2019-01-03 22:50:22', 15, 1, '2019-06-05 20:28:32', '2019-06-05 20:28:32'),
(50, 7.00, 78.00, 12.00, NULL, NULL, NULL, NULL, NULL, '2017-07-31 14:15:32', 12, 1, '2019-06-05 20:28:32', '2019-06-05 20:28:32'),
(51, 8.00, 86.00, 22.00, NULL, NULL, NULL, NULL, NULL, '2019-02-01 05:18:13', 10, 1, '2019-06-05 20:28:32', '2019-06-05 20:28:32'),
(52, 0.00, 77.00, 39.00, NULL, NULL, NULL, NULL, NULL, '2018-05-01 01:57:46', 16, 1, '2019-06-05 20:28:32', '2019-06-05 20:28:32'),
(53, 3.00, 66.00, 30.00, NULL, NULL, NULL, NULL, NULL, '2018-09-18 04:59:11', 8, 1, '2019-06-05 20:28:32', '2019-06-05 20:28:32'),
(54, 0.00, 47.00, 33.00, NULL, NULL, NULL, NULL, NULL, '2018-08-11 21:34:05', 19, 1, '2019-06-05 20:28:32', '2019-06-05 20:28:32'),
(55, 5.00, 73.00, 2.00, NULL, NULL, NULL, NULL, NULL, '2017-09-19 18:38:16', 1, 1, '2019-06-05 20:28:32', '2019-06-05 20:28:32'),
(56, 8.00, 43.00, 33.00, NULL, NULL, NULL, NULL, NULL, '2018-04-22 13:41:03', 16, 1, '2019-06-05 20:28:32', '2019-06-05 20:28:32'),
(57, 6.00, 13.00, 23.00, NULL, NULL, NULL, NULL, NULL, '2018-02-20 22:06:54', 4, 1, '2019-06-05 20:28:32', '2019-06-05 20:28:32'),
(58, 4.00, 64.00, 10.00, NULL, NULL, NULL, NULL, NULL, '2018-11-24 16:04:14', 6, 1, '2019-06-05 20:28:32', '2019-06-05 20:28:32'),
(59, 4.00, 72.00, 40.00, NULL, NULL, NULL, NULL, NULL, '2017-11-10 14:23:06', 5, 1, '2019-06-05 20:28:32', '2019-06-05 20:28:32'),
(60, 0.00, 90.00, 24.00, NULL, NULL, NULL, NULL, NULL, '2017-08-08 09:38:03', 10, 1, '2019-06-05 20:28:32', '2019-06-05 20:28:32'),
(61, 1.00, 1.00, 28.00, NULL, NULL, NULL, NULL, NULL, '2019-03-24 22:48:19', 4, 1, '2019-06-05 20:28:32', '2019-06-05 20:28:32'),
(62, 6.00, 6.00, 27.00, NULL, NULL, NULL, NULL, NULL, '2019-03-29 20:48:24', 7, 1, '2019-06-05 20:28:32', '2019-06-05 20:28:32'),
(63, 2.00, 59.00, 19.00, NULL, NULL, NULL, NULL, NULL, '2018-07-10 19:50:00', 11, 1, '2019-06-05 20:28:32', '2019-06-05 20:28:32'),
(64, 4.00, 1.00, 22.00, NULL, NULL, NULL, NULL, NULL, '2019-05-26 23:25:01', 4, 1, '2019-06-05 20:28:32', '2019-06-05 20:28:32'),
(65, 5.00, 29.00, 4.00, NULL, NULL, NULL, NULL, NULL, '2018-04-14 14:30:27', 4, 1, '2019-06-05 20:28:32', '2019-06-05 20:28:32'),
(66, 0.00, 79.00, 3.00, NULL, NULL, NULL, NULL, NULL, '2017-10-06 16:36:05', 20, 1, '2019-06-05 20:28:32', '2019-06-05 20:28:32'),
(67, 7.00, 73.00, 9.00, NULL, NULL, NULL, NULL, NULL, '2017-12-29 22:09:39', 13, 1, '2019-06-05 20:28:32', '2019-06-05 20:28:32'),
(68, 8.00, 39.00, 0.00, NULL, NULL, NULL, NULL, NULL, '2018-02-19 05:31:26', 10, 1, '2019-06-05 20:28:32', '2019-06-05 20:28:32'),
(69, 8.00, 54.00, 38.00, NULL, NULL, NULL, NULL, NULL, '2017-08-22 18:19:37', 8, 1, '2019-06-05 20:28:32', '2019-06-05 20:28:32'),
(70, 1.00, 93.00, 21.00, NULL, NULL, NULL, NULL, NULL, '2018-10-01 19:04:38', 15, 1, '2019-06-05 20:28:32', '2019-06-05 20:28:32'),
(71, 5.00, 1.00, 25.00, NULL, NULL, NULL, NULL, NULL, '2018-07-23 07:00:57', 6, 1, '2019-06-05 20:28:32', '2019-06-05 20:28:32'),
(72, 5.00, 32.00, 12.00, NULL, NULL, NULL, NULL, NULL, '2017-10-05 12:18:58', 2, 1, '2019-06-05 20:28:32', '2019-06-05 20:28:32'),
(73, 9.00, 22.00, 26.00, NULL, NULL, NULL, NULL, NULL, '2019-04-23 20:59:15', 12, 1, '2019-06-05 20:28:32', '2019-06-05 20:28:32'),
(74, 0.00, 19.00, 18.00, NULL, NULL, NULL, NULL, NULL, '2019-03-12 16:58:56', 1, 1, '2019-06-05 20:28:32', '2019-06-05 20:28:32'),
(75, 9.00, 75.00, 37.00, NULL, NULL, NULL, NULL, NULL, '2018-01-08 11:58:56', 1, 1, '2019-06-05 20:28:32', '2019-06-05 20:28:32'),
(76, 6.00, 1.00, 1.00, NULL, NULL, NULL, NULL, NULL, '2018-05-09 22:33:46', 14, 1, '2019-06-05 20:28:32', '2019-06-05 20:28:32'),
(77, 9.00, 69.00, 2.00, NULL, NULL, NULL, NULL, NULL, '2018-05-10 06:23:49', 19, 1, '2019-06-05 20:28:32', '2019-06-05 20:28:32'),
(78, 8.00, 30.00, 26.00, NULL, NULL, NULL, NULL, NULL, '2018-03-23 16:45:29', 9, 1, '2019-06-05 20:28:32', '2019-06-05 20:28:32'),
(79, 9.00, 73.00, 31.00, NULL, NULL, NULL, NULL, NULL, '2018-03-12 06:38:00', 14, 1, '2019-06-05 20:28:32', '2019-06-05 20:28:32'),
(80, 4.00, 10.00, 21.00, NULL, NULL, NULL, NULL, NULL, '2018-07-03 04:20:26', 6, 1, '2019-06-05 20:28:32', '2019-06-05 20:28:32'),
(81, 2.00, 42.00, 30.00, NULL, NULL, NULL, NULL, NULL, '2017-06-09 08:35:09', 1, 1, '2019-06-05 20:28:32', '2019-06-05 20:28:32'),
(82, 6.00, 48.00, 21.00, NULL, NULL, NULL, NULL, NULL, '2019-04-11 08:37:28', 18, 1, '2019-06-05 20:28:32', '2019-06-05 20:28:32'),
(83, 7.00, 91.00, 4.00, NULL, NULL, NULL, NULL, NULL, '2018-09-14 08:39:46', 20, 1, '2019-06-05 20:28:32', '2019-06-05 20:28:32'),
(84, 9.00, 36.00, 11.00, NULL, NULL, NULL, NULL, NULL, '2018-03-12 07:16:09', 12, 1, '2019-06-05 20:28:32', '2019-06-05 20:28:32'),
(85, 6.00, 11.00, 19.00, NULL, NULL, NULL, NULL, NULL, '2019-01-23 03:53:15', 15, 1, '2019-06-05 20:28:32', '2019-06-05 20:28:32'),
(86, 4.00, 2.00, 33.00, NULL, NULL, NULL, NULL, NULL, '2019-04-14 02:53:56', 10, 1, '2019-06-05 20:28:32', '2019-06-05 20:28:32'),
(87, 3.00, 34.00, 4.00, NULL, NULL, NULL, NULL, NULL, '2018-08-05 03:53:13', 11, 1, '2019-06-05 20:28:32', '2019-06-05 20:28:32'),
(88, 0.00, 15.00, 5.00, NULL, NULL, NULL, NULL, NULL, '2017-09-21 20:27:34', 1, 1, '2019-06-05 20:28:33', '2019-06-05 20:28:33'),
(89, 9.00, 10.00, 19.00, NULL, NULL, NULL, NULL, NULL, '2018-11-07 13:43:15', 5, 1, '2019-06-05 20:28:33', '2019-06-05 20:28:33'),
(90, 3.00, 63.00, 15.00, NULL, NULL, NULL, NULL, NULL, '2018-08-23 12:27:19', 11, 1, '2019-06-05 20:28:33', '2019-06-05 20:28:33'),
(91, 7.00, 37.00, 5.00, NULL, NULL, NULL, NULL, NULL, '2018-11-14 09:11:55', 8, 1, '2019-06-05 20:28:33', '2019-06-05 20:28:33'),
(92, 5.00, 25.00, 23.00, NULL, NULL, NULL, NULL, NULL, '2019-02-11 02:22:29', 18, 1, '2019-06-05 20:28:33', '2019-06-05 20:28:33'),
(93, 5.00, 83.00, 31.00, NULL, NULL, NULL, NULL, NULL, '2017-09-22 17:13:50', 19, 1, '2019-06-05 20:28:33', '2019-06-05 20:28:33'),
(94, 3.00, 52.00, 35.00, NULL, NULL, NULL, NULL, NULL, '2019-01-14 08:48:58', 1, 1, '2019-06-05 20:28:33', '2019-06-05 20:28:33'),
(95, 7.00, 1.00, 32.00, NULL, NULL, NULL, NULL, NULL, '2017-06-10 01:46:14', 13, 1, '2019-06-05 20:28:33', '2019-06-05 20:28:33'),
(96, 0.00, 81.00, 4.00, NULL, NULL, NULL, NULL, NULL, '2018-05-18 09:58:17', 7, 1, '2019-06-05 20:28:33', '2019-06-05 20:28:33'),
(97, 4.00, 11.00, 36.00, NULL, NULL, NULL, NULL, NULL, '2018-11-16 13:44:46', 11, 1, '2019-06-05 20:28:33', '2019-06-05 20:28:33'),
(98, 7.00, 46.00, 24.00, NULL, NULL, NULL, NULL, NULL, '2018-02-23 04:29:59', 8, 1, '2019-06-05 20:28:33', '2019-06-05 20:28:33'),
(99, 9.00, 86.00, 24.00, NULL, NULL, NULL, NULL, NULL, '2017-10-04 03:13:03', 10, 1, '2019-06-05 20:28:33', '2019-06-05 20:28:33'),
(100, 6.00, 94.00, 4.00, NULL, NULL, NULL, NULL, NULL, '2018-10-11 22:05:12', 8, 1, '2019-06-05 20:28:33', '2019-06-05 20:28:33'),
(101, 7.00, 75.00, 18.00, NULL, NULL, NULL, NULL, NULL, '2019-04-01 04:54:33', 14, 1, '2019-06-05 20:28:33', '2019-06-05 20:28:33'),
(102, 5.00, 84.00, 32.00, NULL, NULL, NULL, NULL, NULL, '2017-10-12 23:43:13', 16, 1, '2019-06-05 20:28:33', '2019-06-05 20:28:33'),
(103, 4.00, 45.00, 18.00, NULL, NULL, NULL, NULL, NULL, '2018-09-01 08:14:37', 10, 1, '2019-06-05 20:28:33', '2019-06-05 20:28:33'),
(104, 6.00, 29.00, 35.00, NULL, NULL, NULL, NULL, NULL, '2018-07-25 12:18:01', 6, 1, '2019-06-05 20:28:33', '2019-06-05 20:28:33'),
(105, 0.00, 86.00, 31.00, NULL, NULL, NULL, NULL, NULL, '2018-07-18 11:54:17', 6, 1, '2019-06-05 20:28:33', '2019-06-05 20:28:33'),
(106, 2.00, 75.00, 37.00, NULL, NULL, NULL, NULL, NULL, '2018-02-07 04:27:47', 6, 1, '2019-06-05 20:28:33', '2019-06-05 20:28:33'),
(107, 9.00, 79.00, 23.00, NULL, NULL, NULL, NULL, NULL, '2018-10-02 14:58:12', 12, 1, '2019-06-05 20:28:33', '2019-06-05 20:28:33'),
(108, 2.00, 47.00, 25.00, NULL, NULL, NULL, NULL, NULL, '2017-11-20 17:03:46', 6, 1, '2019-06-05 20:28:33', '2019-06-05 20:28:33'),
(109, 1.00, 61.00, 34.00, NULL, NULL, NULL, NULL, NULL, '2017-11-02 16:41:42', 7, 1, '2019-06-05 20:28:33', '2019-06-05 20:28:33'),
(110, 9.00, 87.00, 5.00, NULL, NULL, NULL, NULL, NULL, '2018-12-25 21:09:30', 12, 1, '2019-06-05 20:28:33', '2019-06-05 20:28:33'),
(111, 9.00, 39.00, 9.00, NULL, NULL, NULL, NULL, NULL, '2019-01-28 09:12:39', 3, 1, '2019-06-05 20:28:33', '2019-06-05 20:28:33'),
(112, 1.00, 90.00, 40.00, NULL, NULL, NULL, NULL, NULL, '2019-02-05 07:41:10', 11, 1, '2019-06-05 20:28:33', '2019-06-05 20:28:33'),
(113, 8.00, 42.00, 34.00, NULL, NULL, NULL, NULL, NULL, '2017-12-25 18:02:26', 2, 1, '2019-06-05 20:28:33', '2019-06-05 20:28:33'),
(114, 5.00, 78.00, 16.00, NULL, NULL, NULL, NULL, NULL, '2017-06-08 19:11:53', 16, 1, '2019-06-05 20:28:33', '2019-06-05 20:28:33'),
(115, 3.00, 94.00, 40.00, NULL, NULL, NULL, NULL, NULL, '2017-10-16 02:01:21', 1, 1, '2019-06-05 20:28:33', '2019-06-05 20:28:33'),
(116, 0.00, 71.00, 21.00, NULL, NULL, NULL, NULL, NULL, '2018-05-02 16:04:03', 9, 1, '2019-06-05 20:28:33', '2019-06-05 20:28:33'),
(117, 0.00, 29.00, 8.00, NULL, NULL, NULL, NULL, NULL, '2017-12-04 23:00:43', 10, 1, '2019-06-05 20:28:33', '2019-06-05 20:28:33'),
(118, 4.00, 61.00, 25.00, NULL, NULL, NULL, NULL, NULL, '2018-02-03 07:39:45', 17, 1, '2019-06-05 20:28:33', '2019-06-05 20:28:33'),
(119, 9.00, 19.00, 21.00, NULL, NULL, NULL, NULL, NULL, '2017-12-02 11:20:05', 16, 1, '2019-06-05 20:28:33', '2019-06-05 20:28:33'),
(120, 4.00, 40.00, 11.00, NULL, NULL, NULL, NULL, NULL, '2019-05-07 20:41:17', 8, 1, '2019-06-05 20:28:33', '2019-06-05 20:28:33'),
(121, 8.00, 54.00, 24.00, NULL, NULL, NULL, NULL, NULL, '2017-08-08 01:32:50', 17, 1, '2019-06-05 20:28:33', '2019-06-05 20:28:33'),
(122, 4.00, 24.00, 1.00, NULL, NULL, NULL, NULL, NULL, '2019-02-06 05:59:27', 16, 1, '2019-06-05 20:28:33', '2019-06-05 20:28:33'),
(123, 6.00, 95.00, 4.00, NULL, NULL, NULL, NULL, NULL, '2018-04-26 06:03:39', 14, 1, '2019-06-05 20:28:33', '2019-06-05 20:28:33'),
(124, 2.00, 81.00, 33.00, NULL, NULL, NULL, NULL, NULL, '2017-12-04 13:10:46', 7, 1, '2019-06-05 20:28:33', '2019-06-05 20:28:33'),
(125, 2.00, 29.00, 33.00, NULL, NULL, NULL, NULL, NULL, '2019-05-26 00:03:57', 12, 1, '2019-06-05 20:28:33', '2019-06-05 20:28:33'),
(126, 10.00, 66.00, 10.00, NULL, NULL, NULL, NULL, NULL, '2017-09-14 03:50:51', 5, 1, '2019-06-05 20:28:33', '2019-06-05 20:28:33'),
(127, 9.00, 75.00, 4.00, NULL, NULL, NULL, NULL, NULL, '2019-01-21 18:32:15', 15, 1, '2019-06-05 20:28:33', '2019-06-05 20:28:33'),
(128, 8.00, 11.00, 13.00, NULL, NULL, NULL, NULL, NULL, '2017-07-18 11:14:52', 2, 1, '2019-06-05 20:28:33', '2019-06-05 20:28:33'),
(129, 6.00, 94.00, 37.00, NULL, NULL, NULL, NULL, NULL, '2018-01-05 14:04:00', 8, 1, '2019-06-05 20:28:33', '2019-06-05 20:28:33'),
(130, 2.00, 83.00, 4.00, NULL, NULL, NULL, NULL, NULL, '2019-02-18 00:01:44', 16, 1, '2019-06-05 20:28:33', '2019-06-05 20:28:33'),
(131, 5.00, 30.00, 6.00, NULL, NULL, NULL, NULL, NULL, '2019-05-01 17:36:13', 2, 1, '2019-06-05 20:28:33', '2019-06-05 20:28:33'),
(132, 5.00, 30.00, 13.00, NULL, NULL, NULL, NULL, NULL, '2017-08-17 04:07:17', 9, 1, '2019-06-05 20:28:33', '2019-06-05 20:28:33'),
(133, 8.00, 12.00, 28.00, NULL, NULL, NULL, NULL, NULL, '2018-03-27 16:10:23', 13, 1, '2019-06-05 20:28:33', '2019-06-05 20:28:33'),
(134, 1.00, 27.00, 1.00, NULL, NULL, NULL, NULL, NULL, '2017-12-20 04:36:09', 13, 1, '2019-06-05 20:28:33', '2019-06-05 20:28:33'),
(135, 8.00, 8.00, 0.00, NULL, NULL, NULL, NULL, NULL, '2017-08-15 01:56:39', 9, 1, '2019-06-05 20:28:33', '2019-06-05 20:28:33'),
(136, 6.00, 2.00, 35.00, NULL, NULL, NULL, NULL, NULL, '2017-09-18 02:15:00', 18, 1, '2019-06-05 20:28:33', '2019-06-05 20:28:33'),
(137, 2.00, 59.00, 40.00, NULL, NULL, NULL, NULL, NULL, '2017-07-31 06:36:51', 19, 1, '2019-06-05 20:28:33', '2019-06-05 20:28:33'),
(138, 2.00, 62.00, 31.00, NULL, NULL, NULL, NULL, NULL, '2018-11-17 19:51:39', 2, 1, '2019-06-05 20:28:33', '2019-06-05 20:28:33'),
(139, 9.00, 93.00, 39.00, NULL, NULL, NULL, NULL, NULL, '2017-06-27 14:29:51', 8, 1, '2019-06-05 20:28:33', '2019-06-05 20:28:33'),
(140, 3.00, 54.00, 11.00, NULL, NULL, NULL, NULL, NULL, '2017-07-16 06:13:46', 9, 1, '2019-06-05 20:28:33', '2019-06-05 20:28:33'),
(141, 6.00, 56.00, 21.00, NULL, NULL, NULL, NULL, NULL, '2018-01-05 08:22:58', 4, 1, '2019-06-05 20:28:33', '2019-06-05 20:28:33'),
(142, 3.00, 66.00, 25.00, NULL, NULL, NULL, NULL, NULL, '2018-10-26 20:36:41', 15, 1, '2019-06-05 20:28:33', '2019-06-05 20:28:33'),
(143, 1.00, 63.00, 20.00, NULL, NULL, NULL, NULL, NULL, '2017-09-01 10:30:15', 8, 1, '2019-06-05 20:28:33', '2019-06-05 20:28:33'),
(144, 7.00, 2.00, 25.00, NULL, NULL, NULL, NULL, NULL, '2018-08-19 05:14:19', 7, 1, '2019-06-05 20:28:33', '2019-06-05 20:28:33'),
(145, 7.00, 32.00, 28.00, NULL, NULL, NULL, NULL, NULL, '2017-12-25 11:13:56', 1, 1, '2019-06-05 20:28:33', '2019-06-05 20:28:33'),
(146, 9.00, 52.00, 16.00, NULL, NULL, NULL, NULL, NULL, '2019-01-12 23:07:52', 14, 1, '2019-06-05 20:28:33', '2019-06-05 20:28:33'),
(147, 3.00, 75.00, 27.00, NULL, NULL, NULL, NULL, NULL, '2018-08-06 17:39:01', 5, 1, '2019-06-05 20:28:33', '2019-06-05 20:28:33'),
(148, 4.00, 66.00, 6.00, NULL, NULL, NULL, NULL, NULL, '2018-07-08 00:26:42', 1, 1, '2019-06-05 20:28:33', '2019-06-05 20:28:33'),
(149, 0.00, 30.00, 28.00, NULL, NULL, NULL, NULL, NULL, '2018-02-14 22:25:31', 12, 1, '2019-06-05 20:28:33', '2019-06-05 20:28:33'),
(150, 9.00, 93.00, 12.00, NULL, NULL, NULL, NULL, NULL, '2018-12-23 07:53:06', 3, 1, '2019-06-05 20:28:33', '2019-06-05 20:28:33'),
(151, 0.00, 81.00, 12.00, NULL, NULL, NULL, NULL, NULL, '2018-06-16 04:51:57', 7, 1, '2019-06-05 20:28:33', '2019-06-05 20:28:33'),
(152, 5.00, 65.00, 32.00, NULL, NULL, NULL, NULL, NULL, '2018-12-18 21:39:09', 7, 1, '2019-06-05 20:28:33', '2019-06-05 20:28:33'),
(153, 6.00, 35.00, 17.00, NULL, NULL, NULL, NULL, NULL, '2017-12-07 16:57:57', 7, 1, '2019-06-05 20:28:33', '2019-06-05 20:28:33'),
(154, 5.00, 64.00, 13.00, NULL, NULL, NULL, NULL, NULL, '2017-10-27 14:03:41', 12, 1, '2019-06-05 20:28:33', '2019-06-05 20:28:33'),
(155, 5.00, 29.00, 9.00, NULL, NULL, NULL, NULL, NULL, '2018-08-08 19:11:33', 5, 1, '2019-06-05 20:28:33', '2019-06-05 20:28:33'),
(156, 7.00, 20.00, 36.00, NULL, NULL, NULL, NULL, NULL, '2019-02-15 06:53:09', 6, 1, '2019-06-05 20:28:33', '2019-06-05 20:28:33'),
(157, 7.00, 92.00, 26.00, NULL, NULL, NULL, NULL, NULL, '2019-03-05 14:43:22', 16, 1, '2019-06-05 20:28:33', '2019-06-05 20:28:33'),
(158, 9.00, 40.00, 3.00, NULL, NULL, NULL, NULL, NULL, '2018-12-01 12:25:11', 15, 1, '2019-06-05 20:28:33', '2019-06-05 20:28:33'),
(159, 0.00, 100.00, 1.00, NULL, NULL, NULL, NULL, NULL, '2018-04-28 01:58:02', 19, 1, '2019-06-05 20:28:33', '2019-06-05 20:28:33'),
(160, 6.00, 44.00, 6.00, NULL, NULL, NULL, NULL, NULL, '2019-04-26 16:14:07', 1, 1, '2019-06-05 20:28:33', '2019-06-05 20:28:33'),
(161, 5.00, 71.00, 16.00, NULL, NULL, NULL, NULL, NULL, '2018-12-04 08:59:22', 8, 1, '2019-06-05 20:28:33', '2019-06-05 20:28:33'),
(162, 2.00, 91.00, 32.00, NULL, NULL, NULL, NULL, NULL, '2019-03-04 20:08:52', 11, 1, '2019-06-05 20:28:33', '2019-06-05 20:28:33'),
(163, 2.00, 77.00, 27.00, NULL, NULL, NULL, NULL, NULL, '2019-02-03 04:46:23', 16, 1, '2019-06-05 20:28:33', '2019-06-05 20:28:33'),
(164, 2.00, 5.00, 3.00, NULL, NULL, NULL, NULL, NULL, '2018-05-23 20:31:16', 15, 1, '2019-06-05 20:28:33', '2019-06-05 20:28:33'),
(165, 0.00, 43.00, 26.00, NULL, NULL, NULL, NULL, NULL, '2019-04-10 22:34:05', 12, 1, '2019-06-05 20:28:33', '2019-06-05 20:28:33'),
(166, 3.00, 68.00, 21.00, NULL, NULL, NULL, NULL, NULL, '2019-02-17 09:54:15', 6, 1, '2019-06-05 20:28:33', '2019-06-05 20:28:33'),
(167, 3.00, 53.00, 12.00, NULL, NULL, NULL, NULL, NULL, '2017-12-04 08:47:19', 7, 1, '2019-06-05 20:28:33', '2019-06-05 20:28:33'),
(168, 8.00, 76.00, 19.00, NULL, NULL, NULL, NULL, NULL, '2017-12-14 17:14:55', 17, 1, '2019-06-05 20:28:33', '2019-06-05 20:28:33'),
(169, 2.00, 76.00, 20.00, NULL, NULL, NULL, NULL, NULL, '2019-05-26 15:06:59', 14, 1, '2019-06-05 20:28:33', '2019-06-05 20:28:33'),
(170, 5.00, 92.00, 1.00, NULL, NULL, NULL, NULL, NULL, '2018-03-19 11:00:54', 3, 1, '2019-06-05 20:28:33', '2019-06-05 20:28:33'),
(171, 9.00, 5.00, 31.00, NULL, NULL, NULL, NULL, NULL, '2017-09-23 09:46:11', 18, 1, '2019-06-05 20:28:33', '2019-06-05 20:28:33'),
(172, 0.00, 42.00, 32.00, NULL, NULL, NULL, NULL, NULL, '2018-08-09 13:25:14', 2, 1, '2019-06-05 20:28:33', '2019-06-05 20:28:33'),
(173, 4.00, 57.00, 20.00, NULL, NULL, NULL, NULL, NULL, '2017-06-23 11:35:12', 8, 1, '2019-06-05 20:28:33', '2019-06-05 20:28:33'),
(174, 5.00, 22.00, 16.00, NULL, NULL, NULL, NULL, NULL, '2017-06-19 12:03:49', 20, 1, '2019-06-05 20:28:33', '2019-06-05 20:28:33'),
(175, 4.00, 50.00, 28.00, NULL, NULL, NULL, NULL, NULL, '2018-05-21 09:23:36', 9, 1, '2019-06-05 20:28:33', '2019-06-05 20:28:33'),
(176, 4.00, 35.00, 34.00, NULL, NULL, NULL, NULL, NULL, '2018-09-16 21:20:00', 12, 1, '2019-06-05 20:28:33', '2019-06-05 20:28:33'),
(177, 2.00, 41.00, 21.00, NULL, NULL, NULL, NULL, NULL, '2018-07-11 14:18:58', 20, 1, '2019-06-05 20:28:33', '2019-06-05 20:28:33'),
(178, 7.00, 1.00, 29.00, NULL, NULL, NULL, NULL, NULL, '2018-09-09 09:01:08', 9, 1, '2019-06-05 20:28:33', '2019-06-05 20:28:33'),
(179, 9.00, 41.00, 13.00, NULL, NULL, NULL, NULL, NULL, '2017-09-27 23:14:37', 3, 1, '2019-06-05 20:28:33', '2019-06-05 20:28:33'),
(180, 4.00, 4.00, 38.00, NULL, NULL, NULL, NULL, NULL, '2018-12-19 11:24:44', 12, 1, '2019-06-05 20:28:33', '2019-06-05 20:28:33'),
(181, 4.00, 45.00, 21.00, NULL, NULL, NULL, NULL, NULL, '2018-11-12 15:01:18', 16, 1, '2019-06-05 20:28:33', '2019-06-05 20:28:33'),
(182, 5.00, 17.00, 26.00, NULL, NULL, NULL, NULL, NULL, '2017-08-02 23:24:23', 5, 1, '2019-06-05 20:28:33', '2019-06-05 20:28:33'),
(183, 0.00, 20.00, 39.00, NULL, NULL, NULL, NULL, NULL, '2019-02-26 17:46:41', 7, 1, '2019-06-05 20:28:33', '2019-06-05 20:28:33'),
(184, 6.00, 9.00, 9.00, NULL, NULL, NULL, NULL, NULL, '2019-05-11 05:57:58', 19, 1, '2019-06-05 20:28:33', '2019-06-05 20:28:33'),
(185, 6.00, 0.00, 9.00, NULL, NULL, NULL, NULL, NULL, '2018-09-06 13:59:16', 1, 1, '2019-06-05 20:28:33', '2019-06-05 20:28:33'),
(186, 0.00, 18.00, 26.00, NULL, NULL, NULL, NULL, NULL, '2017-11-17 02:17:18', 6, 1, '2019-06-05 20:28:33', '2019-06-05 20:28:33'),
(187, 4.00, 38.00, 15.00, NULL, NULL, NULL, NULL, NULL, '2019-01-04 22:30:25', 15, 1, '2019-06-05 20:28:33', '2019-06-05 20:28:33'),
(188, 0.00, 78.00, 23.00, NULL, NULL, NULL, NULL, NULL, '2018-12-04 10:39:55', 4, 1, '2019-06-05 20:28:33', '2019-06-05 20:28:33'),
(189, 9.00, 60.00, 10.00, NULL, NULL, NULL, NULL, NULL, '2018-06-30 00:17:33', 6, 1, '2019-06-05 20:28:34', '2019-06-05 20:28:34'),
(190, 3.00, 29.00, 21.00, NULL, NULL, NULL, NULL, NULL, '2018-02-21 12:42:47', 8, 1, '2019-06-05 20:28:34', '2019-06-05 20:28:34'),
(191, 3.00, 30.00, 28.00, NULL, NULL, NULL, NULL, NULL, '2018-09-13 03:11:17', 3, 1, '2019-06-05 20:28:34', '2019-06-05 20:28:34'),
(192, 8.00, 7.00, 39.00, NULL, NULL, NULL, NULL, NULL, '2018-01-30 16:34:02', 14, 1, '2019-06-05 20:28:34', '2019-06-05 20:28:34'),
(193, 2.00, 82.00, 20.00, NULL, NULL, NULL, NULL, NULL, '2017-08-29 21:07:47', 13, 1, '2019-06-05 20:28:34', '2019-06-05 20:28:34'),
(194, 3.00, 62.00, 1.00, NULL, NULL, NULL, NULL, NULL, '2018-10-27 03:58:59', 4, 1, '2019-06-05 20:28:34', '2019-06-05 20:28:34'),
(195, 4.00, 34.00, 29.00, NULL, NULL, NULL, NULL, NULL, '2018-11-10 21:23:21', 9, 1, '2019-06-05 20:28:34', '2019-06-05 20:28:34'),
(196, 1.00, 68.00, 22.00, NULL, NULL, NULL, NULL, NULL, '2017-12-09 14:45:14', 1, 1, '2019-06-05 20:28:34', '2019-06-05 20:28:34'),
(197, 2.00, 46.00, 13.00, NULL, NULL, NULL, NULL, NULL, '2017-06-07 03:42:43', 8, 1, '2019-06-05 20:28:34', '2019-06-05 20:28:34'),
(198, 3.00, 97.00, 35.00, NULL, NULL, NULL, NULL, NULL, '2017-07-20 03:15:52', 19, 1, '2019-06-05 20:28:34', '2019-06-05 20:28:34'),
(199, 8.00, 4.00, 17.00, NULL, NULL, NULL, NULL, NULL, '2017-09-29 18:20:47', 12, 1, '2019-06-05 20:28:34', '2019-06-05 20:28:34'),
(200, 9.00, 48.00, 32.00, NULL, NULL, NULL, NULL, NULL, '2018-03-11 07:37:43', 14, 1, '2019-06-05 20:28:34', '2019-06-05 20:28:34'),
(201, 4.00, 42.00, 23.00, NULL, NULL, NULL, NULL, NULL, '2017-12-31 18:14:32', 12, 1, '2019-06-05 20:28:34', '2019-06-05 20:28:34'),
(202, 1.00, 52.00, 38.00, NULL, NULL, NULL, NULL, NULL, '2019-04-12 02:35:40', 3, 1, '2019-06-05 20:28:34', '2019-06-05 20:28:34'),
(203, 7.00, 17.00, 18.00, NULL, NULL, NULL, NULL, NULL, '2017-12-25 11:25:01', 6, 1, '2019-06-05 20:28:34', '2019-06-05 20:28:34'),
(204, 3.00, 68.00, 33.00, NULL, NULL, NULL, NULL, NULL, '2018-05-07 02:11:30', 6, 1, '2019-06-05 20:28:34', '2019-06-05 20:28:34'),
(205, 1.00, 34.00, 12.00, NULL, NULL, NULL, NULL, NULL, '2017-09-02 03:03:17', 1, 1, '2019-06-05 20:28:34', '2019-06-05 20:28:34'),
(206, 5.00, 33.00, 20.00, NULL, NULL, NULL, NULL, NULL, '2018-06-08 11:51:12', 4, 1, '2019-06-05 20:28:34', '2019-06-05 20:28:34'),
(207, 9.00, 87.00, 32.00, NULL, NULL, NULL, NULL, NULL, '2019-04-15 08:54:02', 13, 1, '2019-06-05 20:28:34', '2019-06-05 20:28:34'),
(208, 3.00, 24.00, 11.00, NULL, NULL, NULL, NULL, NULL, '2018-04-24 08:31:18', 5, 1, '2019-06-05 20:28:34', '2019-06-05 20:28:34'),
(209, 2.00, 35.00, 24.00, NULL, NULL, NULL, NULL, NULL, '2017-06-14 22:45:21', 10, 1, '2019-06-05 20:28:34', '2019-06-05 20:28:34'),
(210, 8.00, 52.00, 4.00, NULL, NULL, NULL, NULL, NULL, '2018-11-03 04:44:54', 17, 1, '2019-06-05 20:28:34', '2019-06-05 20:28:34'),
(211, 8.00, 11.00, 20.00, NULL, NULL, NULL, NULL, NULL, '2018-11-05 13:53:23', 19, 1, '2019-06-05 20:28:34', '2019-06-05 20:28:34'),
(212, 5.00, 2.00, 29.00, NULL, NULL, NULL, NULL, NULL, '2017-10-09 13:45:34', 2, 1, '2019-06-05 20:28:34', '2019-06-05 20:28:34'),
(213, 8.00, 18.00, 17.00, NULL, NULL, NULL, NULL, NULL, '2017-06-24 10:16:44', 19, 1, '2019-06-05 20:28:34', '2019-06-05 20:28:34'),
(214, 3.00, 5.00, 20.00, NULL, NULL, NULL, NULL, NULL, '2017-12-09 07:23:40', 7, 1, '2019-06-05 20:28:34', '2019-06-05 20:28:34'),
(215, 3.00, 53.00, 24.00, NULL, NULL, NULL, NULL, NULL, '2018-10-04 01:47:44', 15, 1, '2019-06-05 20:28:34', '2019-06-05 20:28:34'),
(216, 4.00, 85.00, 21.00, NULL, NULL, NULL, NULL, NULL, '2019-01-07 20:30:27', 1, 1, '2019-06-05 20:28:34', '2019-06-05 20:28:34'),
(217, 8.00, 52.00, 1.00, NULL, NULL, NULL, NULL, NULL, '2019-03-12 07:44:16', 10, 1, '2019-06-05 20:28:34', '2019-06-05 20:28:34'),
(218, 4.00, 6.00, 16.00, NULL, NULL, NULL, NULL, NULL, '2017-09-10 16:49:02', 15, 1, '2019-06-05 20:28:34', '2019-06-05 20:28:34'),
(219, 8.00, 33.00, 17.00, NULL, NULL, NULL, NULL, NULL, '2017-09-07 15:30:33', 14, 1, '2019-06-05 20:28:34', '2019-06-05 20:28:34'),
(220, 2.00, 70.00, 10.00, NULL, NULL, NULL, NULL, NULL, '2017-12-25 18:46:36', 3, 1, '2019-06-05 20:28:34', '2019-06-05 20:28:34'),
(221, 1.00, 44.00, 26.00, NULL, NULL, NULL, NULL, NULL, '2018-01-22 23:12:52', 13, 1, '2019-06-05 20:28:34', '2019-06-05 20:28:34'),
(222, 8.00, 58.00, 14.00, NULL, NULL, NULL, NULL, NULL, '2018-01-16 16:04:21', 2, 1, '2019-06-05 20:28:34', '2019-06-05 20:28:34'),
(223, 9.00, 88.00, 4.00, NULL, NULL, NULL, NULL, NULL, '2017-09-26 04:15:16', 1, 1, '2019-06-05 20:28:34', '2019-06-05 20:28:34'),
(224, 0.00, 0.00, 14.00, NULL, NULL, NULL, NULL, NULL, '2017-11-25 18:03:15', 11, 1, '2019-06-05 20:28:34', '2019-06-05 20:28:34'),
(225, 6.00, 95.00, 22.00, NULL, NULL, NULL, NULL, NULL, '2019-04-13 07:50:17', 15, 1, '2019-06-05 20:28:34', '2019-06-05 20:28:34'),
(226, 7.00, 42.00, 15.00, NULL, NULL, NULL, NULL, NULL, '2018-09-09 18:55:30', 6, 1, '2019-06-05 20:28:34', '2019-06-05 20:28:34'),
(227, 7.00, 26.00, 1.00, NULL, NULL, NULL, NULL, NULL, '2018-10-05 23:02:15', 12, 1, '2019-06-05 20:28:34', '2019-06-05 20:28:34'),
(228, 4.00, 75.00, 15.00, NULL, NULL, NULL, NULL, NULL, '2018-11-05 22:12:09', 6, 1, '2019-06-05 20:28:34', '2019-06-05 20:28:34'),
(229, 0.00, 37.00, 29.00, NULL, NULL, NULL, NULL, NULL, '2019-02-28 14:06:58', 4, 1, '2019-06-05 20:28:34', '2019-06-05 20:28:34'),
(230, 8.00, 94.00, 34.00, NULL, NULL, NULL, NULL, NULL, '2017-08-03 22:02:25', 3, 1, '2019-06-05 20:28:34', '2019-06-05 20:28:34'),
(231, 3.00, 25.00, 36.00, NULL, NULL, NULL, NULL, NULL, '2017-10-08 23:04:40', 17, 1, '2019-06-05 20:28:34', '2019-06-05 20:28:34'),
(232, 0.00, 52.00, 1.00, NULL, NULL, NULL, NULL, NULL, '2018-04-27 20:31:52', 4, 1, '2019-06-05 20:28:34', '2019-06-05 20:28:34'),
(233, 5.00, 38.00, 0.00, NULL, NULL, NULL, NULL, NULL, '2018-08-18 17:12:30', 17, 1, '2019-06-05 20:28:34', '2019-06-05 20:28:34'),
(234, 8.00, 30.00, 39.00, NULL, NULL, NULL, NULL, NULL, '2017-12-06 11:28:16', 12, 1, '2019-06-05 20:28:34', '2019-06-05 20:28:34'),
(235, 5.00, 12.00, 28.00, NULL, NULL, NULL, NULL, NULL, '2019-04-22 22:47:53', 7, 1, '2019-06-05 20:28:34', '2019-06-05 20:28:34'),
(236, 0.00, 66.00, 1.00, NULL, NULL, NULL, NULL, NULL, '2018-05-22 19:24:43', 10, 1, '2019-06-05 20:28:34', '2019-06-05 20:28:34'),
(237, 8.00, 59.00, 19.00, NULL, NULL, NULL, NULL, NULL, '2018-01-15 02:42:18', 7, 1, '2019-06-05 20:28:34', '2019-06-05 20:28:34'),
(238, 8.00, 74.00, 0.00, NULL, NULL, NULL, NULL, NULL, '2018-02-27 15:16:03', 7, 1, '2019-06-05 20:28:34', '2019-06-05 20:28:34'),
(239, 5.00, 4.00, 4.00, NULL, NULL, NULL, NULL, NULL, '2017-06-17 16:52:33', 4, 1, '2019-06-05 20:28:34', '2019-06-05 20:28:34'),
(240, 7.00, 66.00, 4.00, NULL, NULL, NULL, NULL, NULL, '2017-12-19 21:03:35', 6, 1, '2019-06-05 20:28:34', '2019-06-05 20:28:34'),
(241, 6.00, 61.00, 24.00, NULL, NULL, NULL, NULL, NULL, '2018-04-03 02:12:18', 3, 1, '2019-06-05 20:28:34', '2019-06-05 20:28:34'),
(242, 6.00, 93.00, 21.00, NULL, NULL, NULL, NULL, NULL, '2019-05-21 06:39:48', 19, 1, '2019-06-05 20:28:34', '2019-06-05 20:28:34'),
(243, 8.00, 87.00, 4.00, NULL, NULL, NULL, NULL, NULL, '2017-10-09 05:26:07', 2, 1, '2019-06-05 20:28:34', '2019-06-05 20:28:34'),
(244, 3.00, 12.00, 11.00, NULL, NULL, NULL, NULL, NULL, '2018-06-06 03:03:15', 4, 1, '2019-06-05 20:28:34', '2019-06-05 20:28:34'),
(245, 4.00, 16.00, 30.00, NULL, NULL, NULL, NULL, NULL, '2018-02-09 12:09:54', 9, 1, '2019-06-05 20:28:34', '2019-06-05 20:28:34'),
(246, 1.00, 94.00, 30.00, NULL, NULL, NULL, NULL, NULL, '2019-02-05 02:59:36', 10, 1, '2019-06-05 20:28:34', '2019-06-05 20:28:34'),
(247, 3.00, 83.00, 4.00, NULL, NULL, NULL, NULL, NULL, '2019-05-26 06:34:14', 4, 1, '2019-06-05 20:28:34', '2019-06-05 20:28:34'),
(248, 4.00, 31.00, 24.00, NULL, NULL, NULL, NULL, NULL, '2018-03-05 09:22:55', 16, 1, '2019-06-05 20:28:34', '2019-06-05 20:28:34'),
(249, 8.00, 89.00, 8.00, NULL, NULL, NULL, NULL, NULL, '2017-08-02 09:11:49', 5, 1, '2019-06-05 20:28:34', '2019-06-05 20:28:34'),
(250, 3.00, 71.00, 33.00, NULL, NULL, NULL, NULL, NULL, '2017-09-12 13:30:46', 18, 1, '2019-06-05 20:28:34', '2019-06-05 20:28:34'),
(251, 4.00, 69.00, 20.00, NULL, NULL, NULL, NULL, NULL, '2018-01-12 22:01:30', 17, 1, '2019-06-05 20:28:34', '2019-06-05 20:28:34'),
(252, 8.00, 11.00, 10.00, NULL, NULL, NULL, NULL, NULL, '2018-09-20 18:41:42', 12, 1, '2019-06-05 20:28:34', '2019-06-05 20:28:34'),
(253, 4.00, 66.00, 35.00, NULL, NULL, NULL, NULL, NULL, '2017-11-08 06:20:24', 14, 1, '2019-06-05 20:28:34', '2019-06-05 20:28:34'),
(254, 2.00, 51.00, 11.00, NULL, NULL, NULL, NULL, NULL, '2018-03-31 00:53:25', 18, 1, '2019-06-05 20:28:34', '2019-06-05 20:28:34'),
(255, 9.00, 41.00, 12.00, NULL, NULL, NULL, NULL, NULL, '2017-08-25 14:08:34', 2, 1, '2019-06-05 20:28:34', '2019-06-05 20:28:34'),
(256, 5.00, 51.00, 28.00, NULL, NULL, NULL, NULL, NULL, '2018-03-16 23:04:54', 2, 1, '2019-06-05 20:28:34', '2019-06-05 20:28:34'),
(257, 6.00, 79.00, 11.00, NULL, NULL, NULL, NULL, NULL, '2017-07-31 17:18:50', 12, 1, '2019-06-05 20:28:34', '2019-06-05 20:28:34'),
(258, 3.00, 6.00, 27.00, NULL, NULL, NULL, NULL, NULL, '2017-07-20 16:53:27', 11, 1, '2019-06-05 20:28:34', '2019-06-05 20:28:34'),
(259, 2.00, 65.00, 7.00, NULL, NULL, NULL, NULL, NULL, '2017-12-03 10:54:46', 20, 1, '2019-06-05 20:28:34', '2019-06-05 20:28:34'),
(260, 9.00, 58.00, 27.00, NULL, NULL, NULL, NULL, NULL, '2018-02-08 13:20:05', 8, 1, '2019-06-05 20:28:34', '2019-06-05 20:28:34'),
(261, 9.00, 39.00, 32.00, NULL, NULL, NULL, NULL, NULL, '2018-11-04 09:34:16', 20, 1, '2019-06-05 20:28:34', '2019-06-05 20:28:34'),
(262, 1.00, 58.00, 34.00, NULL, NULL, NULL, NULL, NULL, '2018-05-05 16:01:00', 3, 1, '2019-06-05 20:28:34', '2019-06-05 20:28:34'),
(263, 6.00, 33.00, 17.00, NULL, NULL, NULL, NULL, NULL, '2018-11-26 02:08:41', 18, 1, '2019-06-05 20:28:34', '2019-06-05 20:28:34'),
(264, 8.00, 98.00, 13.00, NULL, NULL, NULL, NULL, NULL, '2019-01-16 03:14:33', 4, 1, '2019-06-05 20:28:34', '2019-06-05 20:28:34'),
(265, 1.00, 90.00, 11.00, NULL, NULL, NULL, NULL, NULL, '2019-03-01 08:19:21', 8, 1, '2019-06-05 20:28:34', '2019-06-05 20:28:34'),
(266, 2.00, 12.00, 30.00, NULL, NULL, NULL, NULL, NULL, '2017-07-06 02:49:45', 16, 1, '2019-06-05 20:28:34', '2019-06-05 20:28:34'),
(267, 9.00, 46.00, 18.00, NULL, NULL, NULL, NULL, NULL, '2018-03-01 16:18:53', 16, 1, '2019-06-05 20:28:34', '2019-06-05 20:28:34'),
(268, 5.00, 8.00, 17.00, NULL, NULL, NULL, NULL, NULL, '2017-08-07 06:26:07', 6, 1, '2019-06-05 20:28:34', '2019-06-05 20:28:34'),
(269, 0.00, 72.00, 26.00, NULL, NULL, NULL, NULL, NULL, '2018-06-14 09:40:49', 10, 1, '2019-06-05 20:28:34', '2019-06-05 20:28:34'),
(270, 3.00, 35.00, 11.00, NULL, NULL, NULL, NULL, NULL, '2017-10-16 00:23:39', 6, 1, '2019-06-05 20:28:34', '2019-06-05 20:28:34'),
(271, 6.00, 52.00, 12.00, NULL, NULL, NULL, NULL, NULL, '2019-01-22 15:11:10', 12, 1, '2019-06-05 20:28:34', '2019-06-05 20:28:34'),
(272, 1.00, 35.00, 30.00, NULL, NULL, NULL, NULL, NULL, '2018-05-01 19:18:23', 18, 1, '2019-06-05 20:28:34', '2019-06-05 20:28:34'),
(273, 8.00, 28.00, 18.00, NULL, NULL, NULL, NULL, NULL, '2017-10-21 07:49:26', 13, 1, '2019-06-05 20:28:34', '2019-06-05 20:28:34'),
(274, 0.00, 97.00, 19.00, NULL, NULL, NULL, NULL, NULL, '2018-04-29 02:38:58', 5, 1, '2019-06-05 20:28:34', '2019-06-05 20:28:34'),
(275, 6.00, 60.00, 12.00, NULL, NULL, NULL, NULL, NULL, '2019-04-28 18:20:52', 2, 1, '2019-06-05 20:28:34', '2019-06-05 20:28:34'),
(276, 0.00, 74.00, 12.00, NULL, NULL, NULL, NULL, NULL, '2018-09-14 13:55:24', 3, 1, '2019-06-05 20:28:34', '2019-06-05 20:28:34'),
(277, 6.00, 12.00, 6.00, NULL, NULL, NULL, NULL, NULL, '2017-10-17 09:11:21', 2, 1, '2019-06-05 20:28:34', '2019-06-05 20:28:34'),
(278, 0.00, 5.00, 10.00, NULL, NULL, NULL, NULL, NULL, '2018-12-06 16:50:35', 10, 1, '2019-06-05 20:28:34', '2019-06-05 20:28:34'),
(279, 5.00, 82.00, 28.00, NULL, NULL, NULL, NULL, NULL, '2018-07-30 09:49:18', 19, 1, '2019-06-05 20:28:34', '2019-06-05 20:28:34'),
(280, 2.00, 13.00, 22.00, NULL, NULL, NULL, NULL, NULL, '2019-03-18 07:24:11', 2, 1, '2019-06-05 20:28:34', '2019-06-05 20:28:34'),
(281, 6.00, 1.00, 9.00, NULL, NULL, NULL, NULL, NULL, '2018-01-27 06:05:50', 13, 1, '2019-06-05 20:28:34', '2019-06-05 20:28:34'),
(282, 0.00, 1.00, 12.00, NULL, NULL, NULL, NULL, NULL, '2019-05-12 15:50:30', 5, 1, '2019-06-05 20:28:34', '2019-06-05 20:28:34'),
(283, 6.00, 70.00, 31.00, NULL, NULL, NULL, NULL, NULL, '2017-09-09 07:05:11', 15, 1, '2019-06-05 20:28:34', '2019-06-05 20:28:34'),
(284, 8.00, 39.00, 31.00, NULL, NULL, NULL, NULL, NULL, '2018-08-26 16:27:12', 19, 1, '2019-06-05 20:28:35', '2019-06-05 20:28:35'),
(285, 2.00, 61.00, 32.00, NULL, NULL, NULL, NULL, NULL, '2017-08-16 10:57:56', 17, 1, '2019-06-05 20:28:35', '2019-06-05 20:28:35'),
(286, 5.00, 37.00, 31.00, NULL, NULL, NULL, NULL, NULL, '2018-12-29 14:05:08', 8, 1, '2019-06-05 20:28:35', '2019-06-05 20:28:35'),
(287, 4.00, 55.00, 28.00, NULL, NULL, NULL, NULL, NULL, '2018-01-28 17:53:00', 8, 1, '2019-06-05 20:28:35', '2019-06-05 20:28:35'),
(288, 8.00, 18.00, 2.00, NULL, NULL, NULL, NULL, NULL, '2018-02-24 15:37:52', 3, 1, '2019-06-05 20:28:35', '2019-06-05 20:28:35'),
(289, 1.00, 16.00, 37.00, NULL, NULL, NULL, NULL, NULL, '2017-07-04 22:55:28', 1, 1, '2019-06-05 20:28:35', '2019-06-05 20:28:35'),
(290, 6.00, 12.00, 0.00, NULL, NULL, NULL, NULL, NULL, '2018-08-07 07:48:17', 5, 1, '2019-06-05 20:28:35', '2019-06-05 20:28:35'),
(291, 9.00, 20.00, 24.00, NULL, NULL, NULL, NULL, NULL, '2018-12-09 21:35:34', 8, 1, '2019-06-05 20:28:35', '2019-06-05 20:28:35'),
(292, 7.00, 84.00, 1.00, NULL, NULL, NULL, NULL, NULL, '2019-01-24 11:04:43', 3, 1, '2019-06-05 20:28:35', '2019-06-05 20:28:35'),
(293, 1.00, 10.00, 27.00, NULL, NULL, NULL, NULL, NULL, '2018-07-28 17:42:16', 13, 1, '2019-06-05 20:28:35', '2019-06-05 20:28:35'),
(294, 7.00, 45.00, 20.00, NULL, NULL, NULL, NULL, NULL, '2019-03-15 16:16:56', 10, 1, '2019-06-05 20:28:35', '2019-06-05 20:28:35'),
(295, 8.00, 23.00, 4.00, NULL, NULL, NULL, NULL, NULL, '2019-04-17 12:38:39', 9, 1, '2019-06-05 20:28:35', '2019-06-05 20:28:35'),
(296, 0.00, 38.00, 16.00, NULL, NULL, NULL, NULL, NULL, '2017-09-04 13:33:32', 6, 1, '2019-06-05 20:28:35', '2019-06-05 20:28:35'),
(297, 9.00, 5.00, 18.00, NULL, NULL, NULL, NULL, NULL, '2017-07-06 03:50:10', 13, 1, '2019-06-05 20:28:35', '2019-06-05 20:28:35'),
(298, 5.00, 16.00, 1.00, NULL, NULL, NULL, NULL, NULL, '2018-09-01 13:43:35', 8, 1, '2019-06-05 20:28:35', '2019-06-05 20:28:35'),
(299, 3.00, 41.00, 12.00, NULL, NULL, NULL, NULL, NULL, '2019-03-10 16:31:04', 11, 1, '2019-06-05 20:28:35', '2019-06-05 20:28:35'),
(300, 0.00, 28.00, 5.00, NULL, NULL, NULL, NULL, NULL, '2018-01-05 08:20:19', 9, 1, '2019-06-05 20:28:35', '2019-06-05 20:28:35'),
(301, 2.00, 33.00, 33.00, NULL, NULL, NULL, NULL, NULL, '2019-01-01 19:44:19', 8, 1, '2019-06-05 20:28:35', '2019-06-05 20:28:35'),
(302, 6.00, 13.00, 32.00, NULL, NULL, NULL, NULL, NULL, '2018-05-17 17:24:28', 17, 1, '2019-06-05 20:28:35', '2019-06-05 20:28:35'),
(303, 9.00, 71.00, 20.00, NULL, NULL, NULL, NULL, NULL, '2019-02-03 14:37:13', 6, 1, '2019-06-05 20:28:35', '2019-06-05 20:28:35'),
(304, 3.00, 88.00, 17.00, NULL, NULL, NULL, NULL, NULL, '2018-05-28 14:12:17', 20, 1, '2019-06-05 20:28:35', '2019-06-05 20:28:35'),
(305, 5.00, 80.00, 31.00, NULL, NULL, NULL, NULL, NULL, '2018-10-16 17:19:56', 1, 1, '2019-06-05 20:28:35', '2019-06-05 20:28:35'),
(306, 5.00, 55.00, 40.00, NULL, NULL, NULL, NULL, NULL, '2018-08-11 18:31:37', 5, 1, '2019-06-05 20:28:35', '2019-06-05 20:28:35'),
(307, 7.00, 6.00, 28.00, NULL, NULL, NULL, NULL, NULL, '2017-07-29 10:41:53', 11, 1, '2019-06-05 20:28:35', '2019-06-05 20:28:35'),
(308, 0.00, 8.00, 37.00, NULL, NULL, NULL, NULL, NULL, '2018-10-18 14:10:10', 12, 1, '2019-06-05 20:28:35', '2019-06-05 20:28:35'),
(309, 0.00, 81.00, 0.00, NULL, NULL, NULL, NULL, NULL, '2018-08-29 19:48:56', 15, 1, '2019-06-05 20:28:35', '2019-06-05 20:28:35'),
(310, 9.00, 39.00, 37.00, NULL, NULL, NULL, NULL, NULL, '2018-12-22 00:19:25', 6, 1, '2019-06-05 20:28:35', '2019-06-05 20:28:35'),
(311, 3.00, 94.00, 23.00, NULL, NULL, NULL, NULL, NULL, '2018-08-03 19:59:04', 7, 1, '2019-06-05 20:28:35', '2019-06-05 20:28:35'),
(312, 3.00, 57.00, 27.00, NULL, NULL, NULL, NULL, NULL, '2018-02-04 11:48:49', 19, 1, '2019-06-05 20:28:35', '2019-06-05 20:28:35'),
(313, 5.00, 48.00, 14.00, NULL, NULL, NULL, NULL, NULL, '2019-04-28 03:10:51', 16, 1, '2019-06-05 20:28:35', '2019-06-05 20:28:35'),
(314, 5.00, 11.00, 26.00, NULL, NULL, NULL, NULL, NULL, '2018-12-29 11:35:29', 13, 1, '2019-06-05 20:28:35', '2019-06-05 20:28:35'),
(315, 2.00, 65.00, 30.00, NULL, NULL, NULL, NULL, NULL, '2019-02-22 20:38:34', 9, 1, '2019-06-05 20:28:35', '2019-06-05 20:28:35'),
(316, 4.00, 76.00, 2.00, NULL, NULL, NULL, NULL, NULL, '2018-12-26 02:13:03', 9, 1, '2019-06-05 20:28:35', '2019-06-05 20:28:35'),
(317, 6.00, 68.00, 40.00, NULL, NULL, NULL, NULL, NULL, '2017-09-26 08:30:35', 11, 1, '2019-06-05 20:28:35', '2019-06-05 20:28:35'),
(318, 9.00, 71.00, 28.00, NULL, NULL, NULL, NULL, NULL, '2017-11-04 14:32:32', 19, 1, '2019-06-05 20:28:35', '2019-06-05 20:28:35'),
(319, 6.00, 89.00, 33.00, NULL, NULL, NULL, NULL, NULL, '2018-08-05 17:07:10', 3, 1, '2019-06-05 20:28:35', '2019-06-05 20:28:35'),
(320, 1.00, 65.00, 2.00, NULL, NULL, NULL, NULL, NULL, '2018-10-06 04:53:24', 18, 1, '2019-06-05 20:28:35', '2019-06-05 20:28:35'),
(321, 2.00, 57.00, 22.00, NULL, NULL, NULL, NULL, NULL, '2018-06-20 23:46:38', 8, 1, '2019-06-05 20:28:35', '2019-06-05 20:28:35'),
(322, 8.00, 67.00, 37.00, NULL, NULL, NULL, NULL, NULL, '2018-01-16 23:37:18', 20, 1, '2019-06-05 20:28:35', '2019-06-05 20:28:35'),
(323, 1.00, 75.00, 15.00, NULL, NULL, NULL, NULL, NULL, '2017-11-18 14:08:46', 14, 1, '2019-06-05 20:28:35', '2019-06-05 20:28:35'),
(324, 0.00, 20.00, 6.00, NULL, NULL, NULL, NULL, NULL, '2019-01-29 08:14:00', 4, 1, '2019-06-05 20:28:35', '2019-06-05 20:28:35'),
(325, 0.00, 1.00, 36.00, NULL, NULL, NULL, NULL, NULL, '2019-01-14 05:40:41', 17, 1, '2019-06-05 20:28:35', '2019-06-05 20:28:35'),
(326, 5.00, 32.00, 24.00, NULL, NULL, NULL, NULL, NULL, '2018-02-06 11:50:54', 4, 1, '2019-06-05 20:28:35', '2019-06-05 20:28:35'),
(327, 2.00, 36.00, 35.00, NULL, NULL, NULL, NULL, NULL, '2019-05-27 12:43:02', 15, 1, '2019-06-05 20:28:35', '2019-06-05 20:28:35'),
(328, 5.00, 60.00, 39.00, NULL, NULL, NULL, NULL, NULL, '2018-08-18 10:47:06', 20, 1, '2019-06-05 20:28:35', '2019-06-05 20:28:35'),
(329, 8.00, 40.00, 23.00, NULL, NULL, NULL, NULL, NULL, '2017-12-18 16:40:31', 18, 1, '2019-06-05 20:28:35', '2019-06-05 20:28:35'),
(330, 9.00, 47.00, 1.00, NULL, NULL, NULL, NULL, NULL, '2018-12-11 16:14:09', 12, 1, '2019-06-05 20:28:35', '2019-06-05 20:28:35'),
(331, 0.00, 56.00, 38.00, NULL, NULL, NULL, NULL, NULL, '2018-05-20 18:22:08', 13, 1, '2019-06-05 20:28:35', '2019-06-05 20:28:35'),
(332, 9.00, 65.00, 35.00, NULL, NULL, NULL, NULL, NULL, '2018-11-04 00:00:25', 1, 1, '2019-06-05 20:28:35', '2019-06-05 20:28:35'),
(333, 1.00, 31.00, 29.00, NULL, NULL, NULL, NULL, NULL, '2019-03-25 05:10:27', 3, 1, '2019-06-05 20:28:35', '2019-06-05 20:28:35'),
(334, 7.00, 55.00, 3.00, NULL, NULL, NULL, NULL, NULL, '2017-11-09 06:47:37', 1, 1, '2019-06-05 20:28:35', '2019-06-05 20:28:35'),
(335, 8.00, 45.00, 38.00, NULL, NULL, NULL, NULL, NULL, '2017-09-07 22:01:20', 5, 1, '2019-06-05 20:28:35', '2019-06-05 20:28:35'),
(336, 2.00, 94.00, 34.00, NULL, NULL, NULL, NULL, NULL, '2018-12-27 12:46:43', 19, 1, '2019-06-05 20:28:35', '2019-06-05 20:28:35'),
(337, 1.00, 21.00, 26.00, NULL, NULL, NULL, NULL, NULL, '2018-02-10 01:49:18', 18, 1, '2019-06-05 20:28:35', '2019-06-05 20:28:35'),
(338, 5.00, 56.00, 16.00, NULL, NULL, NULL, NULL, NULL, '2018-02-09 14:09:54', 10, 1, '2019-06-05 20:28:35', '2019-06-05 20:28:35'),
(339, 1.00, 7.00, 22.00, NULL, NULL, NULL, NULL, NULL, '2019-01-09 02:54:28', 12, 1, '2019-06-05 20:28:35', '2019-06-05 20:28:35'),
(340, 4.00, 76.00, 25.00, NULL, NULL, NULL, NULL, NULL, '2018-01-04 09:35:48', 19, 1, '2019-06-05 20:28:35', '2019-06-05 20:28:35'),
(341, 0.00, 87.00, 19.00, NULL, NULL, NULL, NULL, NULL, '2018-09-03 18:55:41', 5, 1, '2019-06-05 20:28:35', '2019-06-05 20:28:35'),
(342, 6.00, 8.00, 23.00, NULL, NULL, NULL, NULL, NULL, '2019-01-05 03:56:45', 9, 1, '2019-06-05 20:28:35', '2019-06-05 20:28:35'),
(343, 3.00, 65.00, 4.00, NULL, NULL, NULL, NULL, NULL, '2018-05-26 09:24:48', 9, 1, '2019-06-05 20:28:35', '2019-06-05 20:28:35'),
(344, 1.00, 42.00, 7.00, NULL, NULL, NULL, NULL, NULL, '2017-09-06 20:10:15', 13, 1, '2019-06-05 20:28:35', '2019-06-05 20:28:35'),
(345, 8.00, 11.00, 14.00, NULL, NULL, NULL, NULL, NULL, '2018-02-16 19:04:26', 1, 1, '2019-06-05 20:28:35', '2019-06-05 20:28:35'),
(346, 3.00, 82.00, 37.00, NULL, NULL, NULL, NULL, NULL, '2019-04-18 01:01:01', 13, 1, '2019-06-05 20:28:35', '2019-06-05 20:28:35'),
(347, 0.00, 35.00, 12.00, NULL, NULL, NULL, NULL, NULL, '2019-04-30 14:03:01', 15, 1, '2019-06-05 20:28:35', '2019-06-05 20:28:35'),
(348, 0.00, 66.00, 38.00, NULL, NULL, NULL, NULL, NULL, '2018-09-24 18:15:58', 14, 1, '2019-06-05 20:28:35', '2019-06-05 20:28:35'),
(349, 4.00, 65.00, 20.00, NULL, NULL, NULL, NULL, NULL, '2019-03-24 02:21:13', 14, 1, '2019-06-05 20:28:35', '2019-06-05 20:28:35'),
(350, 7.00, 23.00, 23.00, NULL, NULL, NULL, NULL, NULL, '2018-02-20 18:29:07', 12, 1, '2019-06-05 20:28:35', '2019-06-05 20:28:35'),
(351, 9.00, 24.00, 39.00, NULL, NULL, NULL, NULL, NULL, '2017-09-04 01:05:27', 18, 1, '2019-06-05 20:28:35', '2019-06-05 20:28:35'),
(352, 6.00, 40.00, 7.00, NULL, NULL, NULL, NULL, NULL, '2019-03-20 19:12:53', 2, 1, '2019-06-05 20:28:35', '2019-06-05 20:28:35'),
(353, 3.00, 31.00, 29.00, NULL, NULL, NULL, NULL, NULL, '2018-01-04 08:10:26', 20, 1, '2019-06-05 20:28:35', '2019-06-05 20:28:35'),
(354, 6.00, 26.00, 33.00, NULL, NULL, NULL, NULL, NULL, '2018-11-05 11:15:10', 9, 1, '2019-06-05 20:28:35', '2019-06-05 20:28:35'),
(355, 8.00, 9.00, 39.00, NULL, NULL, NULL, NULL, NULL, '2017-12-12 09:34:25', 11, 1, '2019-06-05 20:28:35', '2019-06-05 20:28:35'),
(356, 6.00, 28.00, 25.00, NULL, NULL, NULL, NULL, NULL, '2018-05-06 22:12:32', 18, 1, '2019-06-05 20:28:35', '2019-06-05 20:28:35'),
(357, 1.00, 99.00, 19.00, NULL, NULL, NULL, NULL, NULL, '2018-05-18 20:59:38', 4, 1, '2019-06-05 20:28:35', '2019-06-05 20:28:35'),
(358, 2.00, 67.00, 5.00, NULL, NULL, NULL, NULL, NULL, '2018-08-22 09:00:03', 16, 1, '2019-06-05 20:28:35', '2019-06-05 20:28:35'),
(359, 5.00, 52.00, 10.00, NULL, NULL, NULL, NULL, NULL, '2019-03-08 16:28:43', 2, 1, '2019-06-05 20:28:35', '2019-06-05 20:28:35'),
(360, 6.00, 45.00, 10.00, NULL, NULL, NULL, NULL, NULL, '2018-11-22 14:21:42', 4, 1, '2019-06-05 20:28:35', '2019-06-05 20:28:35'),
(361, 5.00, 81.00, 32.00, NULL, NULL, NULL, NULL, NULL, '2018-11-16 18:11:13', 9, 1, '2019-06-05 20:28:35', '2019-06-05 20:28:35'),
(362, 2.00, 16.00, 26.00, NULL, NULL, NULL, NULL, NULL, '2018-02-05 22:54:15', 19, 1, '2019-06-05 20:28:35', '2019-06-05 20:28:35'),
(363, 7.00, 48.00, 18.00, NULL, NULL, NULL, NULL, NULL, '2018-12-17 16:01:41', 3, 1, '2019-06-05 20:28:35', '2019-06-05 20:28:35'),
(364, 1.00, 59.00, 19.00, NULL, NULL, NULL, NULL, NULL, '2017-08-02 21:12:26', 11, 1, '2019-06-05 20:28:35', '2019-06-05 20:28:35'),
(365, 1.00, 40.00, 10.00, NULL, NULL, NULL, NULL, NULL, '2018-07-01 15:43:33', 17, 1, '2019-06-05 20:28:35', '2019-06-05 20:28:35'),
(366, 2.00, 60.00, 19.00, NULL, NULL, NULL, NULL, NULL, '2019-01-12 01:43:58', 15, 1, '2019-06-05 20:28:35', '2019-06-05 20:28:35'),
(367, 2.00, 38.00, 36.00, NULL, NULL, NULL, NULL, NULL, '2018-05-27 13:05:11', 5, 1, '2019-06-05 20:28:35', '2019-06-05 20:28:35'),
(368, 8.00, 22.00, 5.00, NULL, NULL, NULL, NULL, NULL, '2017-12-30 04:12:59', 8, 1, '2019-06-05 20:28:35', '2019-06-05 20:28:35'),
(369, 9.00, 65.00, 31.00, NULL, NULL, NULL, NULL, NULL, '2017-08-18 06:43:55', 17, 1, '2019-06-05 20:28:35', '2019-06-05 20:28:35'),
(370, 6.00, 42.00, 32.00, NULL, NULL, NULL, NULL, NULL, '2017-08-01 02:59:37', 13, 1, '2019-06-05 20:28:35', '2019-06-05 20:28:35'),
(371, 8.00, 10.00, 40.00, NULL, NULL, NULL, NULL, NULL, '2019-03-02 19:10:16', 20, 1, '2019-06-05 20:28:35', '2019-06-05 20:28:35'),
(372, 9.00, 34.00, 26.00, NULL, NULL, NULL, NULL, NULL, '2017-10-12 17:51:24', 18, 1, '2019-06-05 20:28:35', '2019-06-05 20:28:35'),
(373, 1.00, 41.00, 29.00, NULL, NULL, NULL, NULL, NULL, '2018-01-22 17:08:59', 7, 1, '2019-06-05 20:28:35', '2019-06-05 20:28:35'),
(374, 4.00, 59.00, 32.00, NULL, NULL, NULL, NULL, NULL, '2018-05-27 08:26:34', 7, 1, '2019-06-05 20:28:35', '2019-06-05 20:28:35'),
(375, 1.00, 65.00, 7.00, NULL, NULL, NULL, NULL, NULL, '2019-01-17 22:22:24', 6, 1, '2019-06-05 20:28:35', '2019-06-05 20:28:35'),
(376, 6.00, 97.00, 25.00, NULL, NULL, NULL, NULL, NULL, '2018-02-13 01:15:45', 18, 1, '2019-06-05 20:28:35', '2019-06-05 20:28:35'),
(377, 6.00, 4.00, 6.00, NULL, NULL, NULL, NULL, NULL, '2019-06-02 09:44:48', 2, 1, '2019-06-05 20:28:35', '2019-06-05 20:28:35'),
(378, 0.00, 73.00, 3.00, NULL, NULL, NULL, NULL, NULL, '2018-01-05 01:39:55', 18, 1, '2019-06-05 20:28:35', '2019-06-05 20:28:35'),
(379, 9.00, 52.00, 21.00, NULL, NULL, NULL, NULL, NULL, '2019-05-21 13:35:51', 19, 1, '2019-06-05 20:28:35', '2019-06-05 20:28:35'),
(380, 8.00, 10.00, 38.00, NULL, NULL, NULL, NULL, NULL, '2018-02-09 01:45:58', 3, 1, '2019-06-05 20:28:35', '2019-06-05 20:28:35'),
(381, 7.00, 7.00, 3.00, NULL, NULL, NULL, NULL, NULL, '2018-02-23 21:03:27', 19, 1, '2019-06-05 20:28:36', '2019-06-05 20:28:36'),
(382, 4.00, 24.00, 35.00, NULL, NULL, NULL, NULL, NULL, '2017-09-17 11:10:07', 19, 1, '2019-06-05 20:28:36', '2019-06-05 20:28:36'),
(383, 6.00, 99.00, 34.00, NULL, NULL, NULL, NULL, NULL, '2019-04-23 07:51:47', 7, 1, '2019-06-05 20:28:36', '2019-06-05 20:28:36');
INSERT INTO `datas` (`id_data`, `mmPrecipitation`, `rH`, `temperatureCelsus`, `minWet450`, `minWet460`, `lWSCounts`, `pulseCountsPort4`, `pulseCountsPort5`, `MeasurementTime`, `filet_id`, `user_id`, `created_at`, `updated_at`) VALUES
(384, 7.00, 72.00, 7.00, NULL, NULL, NULL, NULL, NULL, '2018-07-26 00:07:31', 13, 1, '2019-06-05 20:28:36', '2019-06-05 20:28:36'),
(385, 1.00, 61.00, 26.00, NULL, NULL, NULL, NULL, NULL, '2018-02-20 11:47:52', 15, 1, '2019-06-05 20:28:36', '2019-06-05 20:28:36'),
(386, 5.00, 29.00, 16.00, NULL, NULL, NULL, NULL, NULL, '2019-05-24 15:20:50', 7, 1, '2019-06-05 20:28:36', '2019-06-05 20:28:36'),
(387, 8.00, 2.00, 29.00, NULL, NULL, NULL, NULL, NULL, '2017-09-22 06:11:33', 19, 1, '2019-06-05 20:28:36', '2019-06-05 20:28:36'),
(388, 3.00, 19.00, 27.00, NULL, NULL, NULL, NULL, NULL, '2018-08-05 13:07:55', 19, 1, '2019-06-05 20:28:36', '2019-06-05 20:28:36'),
(389, 9.00, 22.00, 36.00, NULL, NULL, NULL, NULL, NULL, '2018-01-26 07:25:41', 1, 1, '2019-06-05 20:28:36', '2019-06-05 20:28:36'),
(390, 0.00, 22.00, 32.00, NULL, NULL, NULL, NULL, NULL, '2018-12-13 23:19:30', 11, 1, '2019-06-05 20:28:36', '2019-06-05 20:28:36'),
(391, 5.00, 4.00, 37.00, NULL, NULL, NULL, NULL, NULL, '2018-08-30 04:17:18', 20, 1, '2019-06-05 20:28:36', '2019-06-05 20:28:36'),
(392, 2.00, 39.00, 16.00, NULL, NULL, NULL, NULL, NULL, '2018-10-18 03:08:10', 6, 1, '2019-06-05 20:28:36', '2019-06-05 20:28:36'),
(393, 3.00, 75.00, 13.00, NULL, NULL, NULL, NULL, NULL, '2019-03-27 23:55:03', 16, 1, '2019-06-05 20:28:36', '2019-06-05 20:28:36'),
(394, 3.00, 99.00, 18.00, NULL, NULL, NULL, NULL, NULL, '2018-02-03 09:22:49', 19, 1, '2019-06-05 20:28:36', '2019-06-05 20:28:36'),
(395, 0.00, 56.00, 25.00, NULL, NULL, NULL, NULL, NULL, '2019-06-04 11:30:06', 17, 1, '2019-06-05 20:28:36', '2019-06-05 20:28:36'),
(396, 0.00, 36.00, 32.00, NULL, NULL, NULL, NULL, NULL, '2018-05-14 21:39:28', 13, 1, '2019-06-05 20:28:36', '2019-06-05 20:28:36'),
(397, 7.00, 92.00, 7.00, NULL, NULL, NULL, NULL, NULL, '2018-01-03 10:47:08', 3, 1, '2019-06-05 20:28:36', '2019-06-05 20:28:36'),
(398, 7.00, 2.00, 2.00, NULL, NULL, NULL, NULL, NULL, '2019-02-20 21:20:39', 15, 1, '2019-06-05 20:28:36', '2019-06-05 20:28:36'),
(399, 1.00, 58.00, 31.00, NULL, NULL, NULL, NULL, NULL, '2017-12-31 07:46:44', 18, 1, '2019-06-05 20:28:36', '2019-06-05 20:28:36'),
(400, 9.00, 37.00, 14.00, NULL, NULL, NULL, NULL, NULL, '2019-02-04 00:48:20', 15, 1, '2019-06-05 20:28:36', '2019-06-05 20:28:36'),
(401, 3.00, 81.00, 40.00, NULL, NULL, NULL, NULL, NULL, '2019-04-27 14:44:28', 4, 1, '2019-06-05 20:28:36', '2019-06-05 20:28:36'),
(402, 7.00, 94.00, 29.00, NULL, NULL, NULL, NULL, NULL, '2018-01-17 18:37:42', 1, 1, '2019-06-05 20:28:36', '2019-06-05 20:28:36'),
(403, 9.00, 3.00, 7.00, NULL, NULL, NULL, NULL, NULL, '2018-08-24 19:05:27', 12, 1, '2019-06-05 20:28:36', '2019-06-05 20:28:36'),
(404, 4.00, 48.00, 3.00, NULL, NULL, NULL, NULL, NULL, '2019-02-23 07:58:50', 3, 1, '2019-06-05 20:28:36', '2019-06-05 20:28:36'),
(405, 1.00, 13.00, 4.00, NULL, NULL, NULL, NULL, NULL, '2017-10-26 11:23:28', 6, 1, '2019-06-05 20:28:36', '2019-06-05 20:28:36'),
(406, 4.00, 37.00, 28.00, NULL, NULL, NULL, NULL, NULL, '2017-07-06 12:05:32', 1, 1, '2019-06-05 20:28:36', '2019-06-05 20:28:36'),
(407, 2.00, 39.00, 12.00, NULL, NULL, NULL, NULL, NULL, '2017-06-29 06:10:42', 2, 1, '2019-06-05 20:28:36', '2019-06-05 20:28:36'),
(408, 2.00, 33.00, 34.00, NULL, NULL, NULL, NULL, NULL, '2018-03-07 21:58:37', 7, 1, '2019-06-05 20:28:36', '2019-06-05 20:28:36'),
(409, 3.00, 73.00, 30.00, NULL, NULL, NULL, NULL, NULL, '2018-03-27 06:03:30', 1, 1, '2019-06-05 20:28:36', '2019-06-05 20:28:36'),
(410, 8.00, 64.00, 30.00, NULL, NULL, NULL, NULL, NULL, '2019-02-09 05:46:28', 20, 1, '2019-06-05 20:28:36', '2019-06-05 20:28:36'),
(411, 2.00, 67.00, 26.00, NULL, NULL, NULL, NULL, NULL, '2019-01-29 23:18:58', 10, 1, '2019-06-05 20:28:36', '2019-06-05 20:28:36'),
(412, 7.00, 100.00, 31.00, NULL, NULL, NULL, NULL, NULL, '2018-03-21 03:38:32', 11, 1, '2019-06-05 20:28:36', '2019-06-05 20:28:36'),
(413, 2.00, 33.00, 32.00, NULL, NULL, NULL, NULL, NULL, '2017-08-30 13:49:39', 7, 1, '2019-06-05 20:28:36', '2019-06-05 20:28:36'),
(414, 4.00, 84.00, 22.00, NULL, NULL, NULL, NULL, NULL, '2019-05-23 02:03:17', 19, 1, '2019-06-05 20:28:36', '2019-06-05 20:28:36'),
(415, 5.00, 10.00, 17.00, NULL, NULL, NULL, NULL, NULL, '2018-11-04 01:21:08', 16, 1, '2019-06-05 20:28:36', '2019-06-05 20:28:36'),
(416, 1.00, 16.00, 17.00, NULL, NULL, NULL, NULL, NULL, '2018-10-20 11:41:30', 11, 1, '2019-06-05 20:28:36', '2019-06-05 20:28:36'),
(417, 6.00, 7.00, 9.00, NULL, NULL, NULL, NULL, NULL, '2018-09-15 12:55:00', 7, 1, '2019-06-05 20:28:36', '2019-06-05 20:28:36'),
(418, 8.00, 25.00, 2.00, NULL, NULL, NULL, NULL, NULL, '2018-11-04 00:52:41', 17, 1, '2019-06-05 20:28:36', '2019-06-05 20:28:36'),
(419, 2.00, 94.00, 9.00, NULL, NULL, NULL, NULL, NULL, '2018-05-23 18:47:01', 18, 1, '2019-06-05 20:28:36', '2019-06-05 20:28:36'),
(420, 1.00, 70.00, 36.00, NULL, NULL, NULL, NULL, NULL, '2017-07-31 10:20:33', 5, 1, '2019-06-05 20:28:36', '2019-06-05 20:28:36'),
(421, 5.00, 11.00, 17.00, NULL, NULL, NULL, NULL, NULL, '2017-11-24 15:50:57', 5, 1, '2019-06-05 20:28:36', '2019-06-05 20:28:36'),
(422, 7.00, 96.00, 22.00, NULL, NULL, NULL, NULL, NULL, '2019-02-05 04:23:26', 3, 1, '2019-06-05 20:28:36', '2019-06-05 20:28:36'),
(423, 5.00, 79.00, 33.00, NULL, NULL, NULL, NULL, NULL, '2019-03-03 00:56:18', 11, 1, '2019-06-05 20:28:36', '2019-06-05 20:28:36'),
(424, 6.00, 9.00, 3.00, NULL, NULL, NULL, NULL, NULL, '2019-04-23 14:38:18', 8, 1, '2019-06-05 20:28:36', '2019-06-05 20:28:36'),
(425, 4.00, 59.00, 18.00, NULL, NULL, NULL, NULL, NULL, '2017-07-25 15:37:07', 16, 1, '2019-06-05 20:28:36', '2019-06-05 20:28:36'),
(426, 3.00, 89.00, 3.00, NULL, NULL, NULL, NULL, NULL, '2017-07-23 14:51:22', 9, 1, '2019-06-05 20:28:36', '2019-06-05 20:28:36'),
(427, 8.00, 96.00, 28.00, NULL, NULL, NULL, NULL, NULL, '2017-10-21 06:03:48', 20, 1, '2019-06-05 20:28:36', '2019-06-05 20:28:36'),
(428, 1.00, 79.00, 12.00, NULL, NULL, NULL, NULL, NULL, '2017-10-08 12:29:13', 16, 1, '2019-06-05 20:28:36', '2019-06-05 20:28:36'),
(429, 1.00, 27.00, 5.00, NULL, NULL, NULL, NULL, NULL, '2019-01-04 05:59:54', 1, 1, '2019-06-05 20:28:36', '2019-06-05 20:28:36'),
(430, 7.00, 48.00, 11.00, NULL, NULL, NULL, NULL, NULL, '2019-01-13 10:53:05', 7, 1, '2019-06-05 20:28:36', '2019-06-05 20:28:36'),
(431, 1.00, 10.00, 0.00, NULL, NULL, NULL, NULL, NULL, '2018-06-09 01:57:00', 12, 1, '2019-06-05 20:28:36', '2019-06-05 20:28:36'),
(432, 4.00, 25.00, 26.00, NULL, NULL, NULL, NULL, NULL, '2018-08-04 09:54:07', 9, 1, '2019-06-05 20:28:36', '2019-06-05 20:28:36'),
(433, 8.00, 78.00, 28.00, NULL, NULL, NULL, NULL, NULL, '2018-11-30 04:30:48', 9, 1, '2019-06-05 20:28:36', '2019-06-05 20:28:36'),
(434, 7.00, 82.00, 11.00, NULL, NULL, NULL, NULL, NULL, '2018-08-18 01:54:04', 8, 1, '2019-06-05 20:28:36', '2019-06-05 20:28:36'),
(435, 7.00, 4.00, 21.00, NULL, NULL, NULL, NULL, NULL, '2018-06-10 16:05:30', 18, 1, '2019-06-05 20:28:36', '2019-06-05 20:28:36'),
(436, 3.00, 41.00, 32.00, NULL, NULL, NULL, NULL, NULL, '2018-11-22 21:21:50', 12, 1, '2019-06-05 20:28:36', '2019-06-05 20:28:36'),
(437, 0.00, 25.00, 34.00, NULL, NULL, NULL, NULL, NULL, '2019-02-19 20:27:15', 1, 1, '2019-06-05 20:28:36', '2019-06-05 20:28:36'),
(438, 3.00, 59.00, 14.00, NULL, NULL, NULL, NULL, NULL, '2019-01-12 19:38:39', 4, 1, '2019-06-05 20:28:36', '2019-06-05 20:28:36'),
(439, 4.00, 39.00, 20.00, NULL, NULL, NULL, NULL, NULL, '2018-05-26 23:51:39', 20, 1, '2019-06-05 20:28:36', '2019-06-05 20:28:36'),
(440, 9.00, 58.00, 12.00, NULL, NULL, NULL, NULL, NULL, '2018-07-22 13:20:32', 17, 1, '2019-06-05 20:28:36', '2019-06-05 20:28:36'),
(441, 2.00, 22.00, 28.00, NULL, NULL, NULL, NULL, NULL, '2017-12-03 18:31:41', 10, 1, '2019-06-05 20:28:36', '2019-06-05 20:28:36'),
(442, 2.00, 93.00, 38.00, NULL, NULL, NULL, NULL, NULL, '2018-10-07 07:54:07', 3, 1, '2019-06-05 20:28:36', '2019-06-05 20:28:36'),
(443, 6.00, 36.00, 36.00, NULL, NULL, NULL, NULL, NULL, '2018-04-28 09:08:36', 8, 1, '2019-06-05 20:28:36', '2019-06-05 20:28:36'),
(444, 6.00, 91.00, 35.00, NULL, NULL, NULL, NULL, NULL, '2018-05-20 16:10:35', 3, 1, '2019-06-05 20:28:36', '2019-06-05 20:28:36'),
(445, 6.00, 16.00, 39.00, NULL, NULL, NULL, NULL, NULL, '2019-02-17 23:29:23', 6, 1, '2019-06-05 20:28:36', '2019-06-05 20:28:36'),
(446, 0.00, 75.00, 27.00, NULL, NULL, NULL, NULL, NULL, '2018-11-06 22:39:16', 6, 1, '2019-06-05 20:28:36', '2019-06-05 20:28:36'),
(447, 7.00, 12.00, 35.00, NULL, NULL, NULL, NULL, NULL, '2018-06-25 23:44:28', 2, 1, '2019-06-05 20:28:36', '2019-06-05 20:28:36'),
(448, 0.00, 20.00, 10.00, NULL, NULL, NULL, NULL, NULL, '2018-04-12 18:00:00', 11, 1, '2019-06-05 20:28:36', '2019-06-05 20:28:36'),
(449, 8.00, 37.00, 40.00, NULL, NULL, NULL, NULL, NULL, '2018-01-23 18:58:06', 9, 1, '2019-06-05 20:28:36', '2019-06-05 20:28:36'),
(450, 4.00, 66.00, 9.00, NULL, NULL, NULL, NULL, NULL, '2017-07-18 18:05:32', 8, 1, '2019-06-05 20:28:36', '2019-06-05 20:28:36'),
(451, 9.00, 28.00, 0.00, NULL, NULL, NULL, NULL, NULL, '2018-10-28 06:25:20', 13, 1, '2019-06-05 20:28:36', '2019-06-05 20:28:36'),
(452, 0.00, 98.00, 17.00, NULL, NULL, NULL, NULL, NULL, '2017-12-12 23:47:14', 13, 1, '2019-06-05 20:28:36', '2019-06-05 20:28:36'),
(453, 8.00, 59.00, 34.00, NULL, NULL, NULL, NULL, NULL, '2019-02-23 14:48:54', 6, 1, '2019-06-05 20:28:36', '2019-06-05 20:28:36'),
(454, 3.00, 35.00, 28.00, NULL, NULL, NULL, NULL, NULL, '2018-03-09 21:12:44', 11, 1, '2019-06-05 20:28:36', '2019-06-05 20:28:36'),
(455, 5.00, 14.00, 32.00, NULL, NULL, NULL, NULL, NULL, '2018-08-14 14:51:13', 18, 1, '2019-06-05 20:28:36', '2019-06-05 20:28:36'),
(456, 8.00, 38.00, 32.00, NULL, NULL, NULL, NULL, NULL, '2017-12-14 22:00:23', 9, 1, '2019-06-05 20:28:36', '2019-06-05 20:28:36'),
(457, 7.00, 84.00, 14.00, NULL, NULL, NULL, NULL, NULL, '2019-01-12 18:20:49', 14, 1, '2019-06-05 20:28:36', '2019-06-05 20:28:36'),
(458, 9.00, 50.00, 40.00, NULL, NULL, NULL, NULL, NULL, '2018-03-14 03:01:10', 15, 1, '2019-06-05 20:28:36', '2019-06-05 20:28:36'),
(459, 3.00, 24.00, 11.00, NULL, NULL, NULL, NULL, NULL, '2018-11-29 21:59:55', 12, 1, '2019-06-05 20:28:36', '2019-06-05 20:28:36'),
(460, 9.00, 54.00, 22.00, NULL, NULL, NULL, NULL, NULL, '2017-10-05 08:32:23', 16, 1, '2019-06-05 20:28:36', '2019-06-05 20:28:36'),
(461, 8.00, 31.00, 19.00, NULL, NULL, NULL, NULL, NULL, '2018-02-16 06:03:50', 12, 1, '2019-06-05 20:28:36', '2019-06-05 20:28:36'),
(462, 7.00, 17.00, 32.00, NULL, NULL, NULL, NULL, NULL, '2018-08-09 05:38:55', 16, 1, '2019-06-05 20:28:36', '2019-06-05 20:28:36'),
(463, 1.00, 31.00, 29.00, NULL, NULL, NULL, NULL, NULL, '2018-09-14 04:12:58', 12, 1, '2019-06-05 20:28:36', '2019-06-05 20:28:36'),
(464, 2.00, 54.00, 26.00, NULL, NULL, NULL, NULL, NULL, '2018-09-25 03:29:55', 17, 1, '2019-06-05 20:28:36', '2019-06-05 20:28:36'),
(465, 4.00, 27.00, 21.00, NULL, NULL, NULL, NULL, NULL, '2018-02-17 05:00:48', 2, 1, '2019-06-05 20:28:36', '2019-06-05 20:28:36'),
(466, 7.00, 21.00, 40.00, NULL, NULL, NULL, NULL, NULL, '2019-01-15 03:02:05', 10, 1, '2019-06-05 20:28:36', '2019-06-05 20:28:36'),
(467, 0.00, 12.00, 21.00, NULL, NULL, NULL, NULL, NULL, '2018-11-10 14:40:47', 6, 1, '2019-06-05 20:28:36', '2019-06-05 20:28:36'),
(468, 9.00, 77.00, 22.00, NULL, NULL, NULL, NULL, NULL, '2018-07-20 19:40:25', 19, 1, '2019-06-05 20:28:36', '2019-06-05 20:28:36'),
(469, 3.00, 77.00, 33.00, NULL, NULL, NULL, NULL, NULL, '2018-05-14 19:43:58', 1, 1, '2019-06-05 20:28:36', '2019-06-05 20:28:36'),
(470, 1.00, 73.00, 38.00, NULL, NULL, NULL, NULL, NULL, '2017-12-25 17:37:30', 13, 1, '2019-06-05 20:28:36', '2019-06-05 20:28:36'),
(471, 7.00, 27.00, 32.00, NULL, NULL, NULL, NULL, NULL, '2018-03-03 11:12:44', 7, 1, '2019-06-05 20:28:36', '2019-06-05 20:28:36'),
(472, 9.00, 91.00, 39.00, NULL, NULL, NULL, NULL, NULL, '2018-05-01 14:10:39', 2, 1, '2019-06-05 20:28:36', '2019-06-05 20:28:36'),
(473, 0.00, 71.00, 38.00, NULL, NULL, NULL, NULL, NULL, '2018-08-21 15:16:45', 13, 1, '2019-06-05 20:28:36', '2019-06-05 20:28:36'),
(474, 7.00, 39.00, 32.00, NULL, NULL, NULL, NULL, NULL, '2018-05-25 20:28:40', 13, 1, '2019-06-05 20:28:36', '2019-06-05 20:28:36'),
(475, 3.00, 83.00, 16.00, NULL, NULL, NULL, NULL, NULL, '2018-06-30 17:10:11', 5, 1, '2019-06-05 20:28:36', '2019-06-05 20:28:36'),
(476, 1.00, 1.00, 35.00, NULL, NULL, NULL, NULL, NULL, '2018-12-13 04:34:57', 12, 1, '2019-06-05 20:28:36', '2019-06-05 20:28:36'),
(477, 2.00, 42.00, 22.00, NULL, NULL, NULL, NULL, NULL, '2017-09-20 10:11:47', 20, 1, '2019-06-05 20:28:36', '2019-06-05 20:28:36'),
(478, 5.00, 47.00, 18.00, NULL, NULL, NULL, NULL, NULL, '2019-01-06 06:27:17', 4, 1, '2019-06-05 20:28:36', '2019-06-05 20:28:36'),
(479, 0.00, 81.00, 30.00, NULL, NULL, NULL, NULL, NULL, '2018-01-23 14:59:56', 9, 1, '2019-06-05 20:28:36', '2019-06-05 20:28:36'),
(480, 2.00, 91.00, 7.00, NULL, NULL, NULL, NULL, NULL, '2019-06-01 15:05:15', 16, 1, '2019-06-05 20:28:37', '2019-06-05 20:28:37'),
(481, 3.00, 41.00, 30.00, NULL, NULL, NULL, NULL, NULL, '2017-11-03 06:28:00', 3, 1, '2019-06-05 20:28:37', '2019-06-05 20:28:37'),
(482, 5.00, 44.00, 40.00, NULL, NULL, NULL, NULL, NULL, '2018-04-12 04:12:10', 7, 1, '2019-06-05 20:28:37', '2019-06-05 20:28:37'),
(483, 9.00, 83.00, 40.00, NULL, NULL, NULL, NULL, NULL, '2019-05-21 15:15:28', 18, 1, '2019-06-05 20:28:37', '2019-06-05 20:28:37'),
(484, 0.00, 14.00, 32.00, NULL, NULL, NULL, NULL, NULL, '2019-04-30 11:59:24', 1, 1, '2019-06-05 20:28:37', '2019-06-05 20:28:37'),
(485, 8.00, 79.00, 12.00, NULL, NULL, NULL, NULL, NULL, '2017-12-26 14:45:55', 3, 1, '2019-06-05 20:28:37', '2019-06-05 20:28:37'),
(486, 4.00, 69.00, 23.00, NULL, NULL, NULL, NULL, NULL, '2018-01-25 08:20:48', 18, 1, '2019-06-05 20:28:37', '2019-06-05 20:28:37'),
(487, 7.00, 24.00, 9.00, NULL, NULL, NULL, NULL, NULL, '2018-11-17 10:51:18', 10, 1, '2019-06-05 20:28:37', '2019-06-05 20:28:37'),
(488, 9.00, 37.00, 30.00, NULL, NULL, NULL, NULL, NULL, '2018-01-18 08:13:05', 7, 1, '2019-06-05 20:28:37', '2019-06-05 20:28:37'),
(489, 6.00, 92.00, 39.00, NULL, NULL, NULL, NULL, NULL, '2018-12-16 17:50:50', 18, 1, '2019-06-05 20:28:37', '2019-06-05 20:28:37'),
(490, 8.00, 35.00, 26.00, NULL, NULL, NULL, NULL, NULL, '2017-06-24 04:21:25', 12, 1, '2019-06-05 20:28:37', '2019-06-05 20:28:37'),
(491, 9.00, 91.00, 19.00, NULL, NULL, NULL, NULL, NULL, '2017-06-19 17:24:12', 17, 1, '2019-06-05 20:28:37', '2019-06-05 20:28:37'),
(492, 8.00, 7.00, 30.00, NULL, NULL, NULL, NULL, NULL, '2018-12-08 18:45:34', 3, 1, '2019-06-05 20:28:37', '2019-06-05 20:28:37'),
(493, 3.00, 70.00, 21.00, NULL, NULL, NULL, NULL, NULL, '2018-07-10 16:38:09', 20, 1, '2019-06-05 20:28:37', '2019-06-05 20:28:37'),
(494, 8.00, 94.00, 35.00, NULL, NULL, NULL, NULL, NULL, '2018-06-08 09:34:48', 13, 1, '2019-06-05 20:28:37', '2019-06-05 20:28:37'),
(495, 4.00, 100.00, 9.00, NULL, NULL, NULL, NULL, NULL, '2019-05-11 12:38:23', 13, 1, '2019-06-05 20:28:37', '2019-06-05 20:28:37'),
(496, 1.00, 34.00, 12.00, NULL, NULL, NULL, NULL, NULL, '2018-02-21 19:41:00', 12, 1, '2019-06-05 20:28:37', '2019-06-05 20:28:37'),
(497, 1.00, 11.00, 40.00, NULL, NULL, NULL, NULL, NULL, '2017-08-01 17:40:41', 16, 1, '2019-06-05 20:28:37', '2019-06-05 20:28:37'),
(498, 3.00, 89.00, 27.00, NULL, NULL, NULL, NULL, NULL, '2018-09-30 22:51:22', 18, 1, '2019-06-05 20:28:37', '2019-06-05 20:28:37'),
(499, 7.00, 73.00, 38.00, NULL, NULL, NULL, NULL, NULL, '2018-03-03 10:40:15', 19, 1, '2019-06-05 20:28:37', '2019-06-05 20:28:37'),
(500, 6.00, 43.00, 15.00, NULL, NULL, NULL, NULL, NULL, '2018-01-28 09:33:15', 10, 1, '2019-06-05 20:28:37', '2019-06-05 20:28:37'),
(501, 99.00, 88.00, NULL, NULL, NULL, NULL, NULL, NULL, '2019-06-17 14:00:00', 18, 1, '2019-06-17 22:11:25', '2019-06-17 22:11:25'),
(502, 98.00, 89.00, 35.00, NULL, NULL, NULL, NULL, NULL, '2019-06-17 14:00:00', 18, 1, '2019-06-17 22:14:04', '2019-06-17 22:14:04'),
(503, 88.00, 88.00, 35.00, NULL, NULL, NULL, NULL, NULL, '2019-06-18 14:00:00', 18, 1, '2019-06-18 21:56:45', '2019-06-18 21:56:45'),
(504, 78.00, 78.00, 35.00, NULL, NULL, NULL, NULL, NULL, '2019-06-18 14:00:00', 18, 1, '2019-06-18 22:09:27', '2019-06-18 22:09:27'),
(506, 99.00, 99.00, 25.00, NULL, NULL, NULL, NULL, NULL, '2019-07-08 09:20:00', 18, 1, '2019-07-08 21:18:28', '2019-07-08 21:18:28'),
(507, 100.00, 100.00, 25.00, NULL, NULL, NULL, NULL, NULL, '2019-07-08 09:20:00', 18, 1, '2019-07-08 21:18:28', '2019-07-08 21:18:28'),
(508, 99.00, 99.00, 25.00, NULL, NULL, NULL, NULL, NULL, '2019-07-08 09:20:00', 19, 1, '2019-07-08 21:20:11', '2019-07-08 21:20:11'),
(509, 100.00, 100.00, 25.00, NULL, NULL, NULL, NULL, NULL, '2019-07-08 09:20:00', 19, 1, '2019-07-08 21:20:11', '2019-07-08 21:20:11'),
(510, 99.00, 99.00, 25.00, NULL, NULL, NULL, NULL, NULL, '2019-07-08 09:20:00', 19, 1, '2019-07-08 21:23:50', '2019-07-08 21:23:50'),
(511, 100.00, 100.00, 25.00, NULL, NULL, NULL, NULL, NULL, '2019-07-08 09:20:00', 19, 1, '2019-07-08 21:23:50', '2019-07-08 21:23:50'),
(512, 99.00, 99.00, 25.00, NULL, NULL, NULL, NULL, NULL, '2019-07-08 09:20:00', 19, 1, '2019-07-16 21:34:18', '2019-07-16 21:34:18'),
(513, 100.00, 100.00, 25.00, NULL, NULL, NULL, NULL, NULL, '2019-07-08 09:20:00', 19, 1, '2019-07-16 21:34:18', '2019-07-16 21:34:18'),
(514, 99.00, 99.00, 25.00, 0.00, 0.00, 0.00, 0.00, 0.00, '2019-07-08 09:20:00', 19, 1, '2019-07-16 21:36:02', '2019-07-16 21:36:02'),
(515, 99.00, 99.00, 25.00, 0.00, 0.00, 0.00, 0.00, 0.00, '2019-07-08 09:20:00', 19, 1, '2019-07-16 21:40:21', '2019-07-16 21:40:21'),
(516, 100.00, 100.00, 25.00, 0.00, 0.00, 0.00, 0.00, 0.00, '2019-07-08 09:20:00', 19, 1, '2019-07-16 21:40:21', '2019-07-16 21:40:21'),
(517, 99.00, 99.00, 25.00, 0.00, 0.00, 0.00, 0.00, 0.00, '2019-08-05 19:20:00', 19, 1, '2019-08-06 03:09:00', '2019-08-06 03:09:00'),
(518, 100.00, 100.00, 25.00, 0.00, 0.00, 0.00, 0.00, 0.00, '2019-08-05 19:21:00', 19, 1, '2019-08-06 03:09:00', '2019-08-06 03:09:00'),
(519, 1.50, 1.00, 1.00, 1.00, 1.00, 1.00, 1.00, 1.00, '2019-08-19 00:00:00', 2, 1, '2019-08-19 21:47:15', '2019-08-19 21:47:15');

-- --------------------------------------------------------

--
-- Table structure for table `fabricant_filets`
--

DROP TABLE IF EXISTS `fabricant_filets`;
CREATE TABLE `fabricant_filets` (
  `id_fabricant` tinyint(3) UNSIGNED NOT NULL,
  `nom_fabricant` varchar(255) COLLATE utf8mb4_unicode_ci NOT NULL,
  `id_country` smallint(5) UNSIGNED NOT NULL,
  `description` text COLLATE utf8mb4_unicode_ci,
  `status_id` tinyint(3) UNSIGNED NOT NULL DEFAULT '1',
  `created_at` timestamp NULL DEFAULT NULL,
  `updated_at` timestamp NULL DEFAULT NULL
) ENGINE=InnoDB DEFAULT CHARSET=utf8mb4 COLLATE=utf8mb4_unicode_ci;

--
-- Dumping data for table `fabricant_filets`
--

INSERT INTO `fabricant_filets` (`id_fabricant`, `nom_fabricant`, `id_country`, `description`, `status_id`, `created_at`, `updated_at`) VALUES
(1, 'fabricant1', 147, NULL, 1, NULL, NULL),
(2, 'fabricant2', 147, NULL, 1, NULL, NULL),
(3, 'fabricant3', 67, NULL, 1, NULL, NULL),
(4, 'eeeee', 1, 'eeee', 1, '2019-08-19 21:48:34', '2019-08-19 21:48:34');

-- --------------------------------------------------------

--
-- Table structure for table `faqs`
--

DROP TABLE IF EXISTS `faqs`;
CREATE TABLE `faqs` (
  `id_faq` int(10) UNSIGNED NOT NULL,
  `question` varchar(1000) COLLATE utf8mb4_unicode_ci NOT NULL,
  `answer` varchar(1000) COLLATE utf8mb4_unicode_ci NOT NULL,
  `actif` tinyint(1) NOT NULL DEFAULT '1',
  `created_at` timestamp NULL DEFAULT NULL,
  `updated_at` timestamp NULL DEFAULT NULL
) ENGINE=InnoDB DEFAULT CHARSET=utf8mb4 COLLATE=utf8mb4_unicode_ci;

--
-- Dumping data for table `faqs`
--

INSERT INTO `faqs` (`id_faq`, `question`, `answer`, `actif`, `created_at`, `updated_at`) VALUES
(1, 'aaaaaa ?', 'aaaaaaaaaaa', 0, NULL, NULL),
(2, 'bbbbb ?', 'bbbbbbbbbbbbb', 1, NULL, NULL),
(3, 'Lorem ipsum dolor sit amet, consectetur adipiscing elit ?', 'Suspendisse feugiat leo sed felis gravida, a iaculis turpis sollicitudin. Aliquam porttitor neque egestas placerat eleifend. Nunc sollicitudin vitae turpis ac molestie. Maecenas eu varius lacus. Suspendisse potenti. Pellentesque sit amet purus tristique, tristique dui eu, molestie felis. Praesent condimentum venenatis metus, ut luctus risus accumsan quis. Aenean eu rhoncus nibh. Phasellus eu ante diam. Aenean dapibus id augue quis rhoncus. Ut vitae tortor lacus. Suspendisse feugiat imperdiet justo, ac eleifend augue imperdiet sit amet. Curabitur condimentum gravida urna, ut iaculis mi euismod id. Aliquam eget aliquam leo. Donec convallis justo efficitur laoreet euismod. Nulla facilisi.', 1, NULL, NULL),
(4, 'Lorem ipsum dolor sit amet, consectetur adipiscing elit ?', 'Suspendisse feugiat leo sed felis gravida, a iaculis turpis sollicitudin. Aliquam porttitor neque egestas placerat eleifend. Nunc sollicitudin vitae turpis ac molestie. Maecenas eu varius lacus. Suspendisse potenti. Pellentesque sit amet purus tristique, tristique dui eu, molestie felis. Praesent condimentum venenatis metus, ut luctus risus accumsan quis. Aenean eu rhoncus nibh. Phasellus eu ante diam. Aenean dapibus id augue quis rhoncus. Ut vitae tortor lacus. Suspendisse feugiat imperdiet justo, ac eleifend augue imperdiet sit amet. Curabitur condimentum gravida urna, ut iaculis mi euismod id. Aliquam eget aliquam leo. Donec convallis justo efficitur laoreet euismod. Nulla facilisi.', 1, NULL, NULL),
(5, 'test 1', 't1111', 1, '2019-08-22 08:33:48', '2019-08-22 08:33:48'),
(6, 'test 2', 't22222222222222222222', 1, '2019-08-22 08:34:33', '2019-08-22 08:34:33'),
(7, 'test 3', 'test 3', 1, '2019-08-22 16:28:04', '2019-08-22 16:28:04'),
(8, 'test 5', 't5', 1, '2019-08-22 19:19:47', '2019-08-22 19:19:47');

-- --------------------------------------------------------

--
-- Table structure for table `linked_social_accounts`
--

DROP TABLE IF EXISTS `linked_social_accounts`;
CREATE TABLE `linked_social_accounts` (
  `id` int(10) UNSIGNED NOT NULL,
  `provider_id` varchar(255) COLLATE utf8mb4_unicode_ci NOT NULL,
  `provider_name` varchar(255) COLLATE utf8mb4_unicode_ci NOT NULL,
  `user_id_user` int(10) UNSIGNED NOT NULL,
  `created_at` timestamp NULL DEFAULT NULL,
  `updated_at` timestamp NULL DEFAULT NULL
) ENGINE=InnoDB DEFAULT CHARSET=utf8mb4 COLLATE=utf8mb4_unicode_ci;

--
-- Dumping data for table `linked_social_accounts`
--

INSERT INTO `linked_social_accounts` (`id`, `provider_id`, `provider_name`, `user_id_user`, `created_at`, `updated_at`) VALUES
(11, '107273099645729203184', 'google', 1, '2019-07-08 17:29:47', '2019-07-08 17:29:47');

-- --------------------------------------------------------

--
-- Table structure for table `migrations`
--

DROP TABLE IF EXISTS `migrations`;
CREATE TABLE `migrations` (
  `id` int(10) UNSIGNED NOT NULL,
  `migration` varchar(255) COLLATE utf8mb4_unicode_ci NOT NULL,
  `batch` int(11) NOT NULL
) ENGINE=InnoDB DEFAULT CHARSET=utf8mb4 COLLATE=utf8mb4_unicode_ci;

--
-- Dumping data for table `migrations`
--

INSERT INTO `migrations` (`id`, `migration`, `batch`) VALUES
(1, '2018_06_27_010529_create_darsihmad_tables_table', 1),
(2, '2016_06_01_000001_create_oauth_auth_codes_table', 2),
(3, '2016_06_01_000002_create_oauth_access_tokens_table', 2),
(4, '2016_06_01_000003_create_oauth_refresh_tokens_table', 2),
(5, '2016_06_01_000004_create_oauth_clients_table', 2),
(6, '2016_06_01_000005_create_oauth_personal_access_clients_table', 2),
(7, '2019_06_17_142618_create_linked_social_accounts_table', 3);

-- --------------------------------------------------------

--
-- Table structure for table `nets`
--

DROP TABLE IF EXISTS `nets`;
CREATE TABLE `nets` (
  `id_filet` int(10) UNSIGNED NOT NULL,
  `name` varchar(150) COLLATE utf8mb4_unicode_ci DEFAULT NULL,
  `description` text COLLATE utf8mb4_unicode_ci,
  `surface` double(8,2) NOT NULL,
  `angle` int(11) NOT NULL,
  `type_filet_id` smallint(5) UNSIGNED NOT NULL,
  `site_id` smallint(5) UNSIGNED NOT NULL,
  `installation_date` date NOT NULL,
  `status_id` tinyint(3) UNSIGNED NOT NULL DEFAULT '1',
  `created_at` timestamp NULL DEFAULT NULL,
  `updated_at` timestamp NULL DEFAULT NULL,
  `deleted_at` timestamp NULL DEFAULT NULL
) ENGINE=InnoDB DEFAULT CHARSET=utf8mb4 COLLATE=utf8mb4_unicode_ci;

--
-- Dumping data for table `nets`
--

INSERT INTO `nets` (`id_filet`, `name`, `description`, `surface`, `angle`, `type_filet_id`, `site_id`, `installation_date`, `status_id`, `created_at`, `updated_at`, `deleted_at`) VALUES
(1, 'net 16', 'description du filet', 67.00, 77, 1, 3, '2010-03-29', 1, '2019-06-05 20:28:31', '2019-06-05 20:28:31', NULL),
(2, 'net 2', 'description du filet', 94.00, 51, 2, 1, '1982-04-10', 2, '2019-06-05 20:28:31', '2019-06-05 20:28:31', NULL),
(3, 'net 15', 'description du filet', 55.00, 51, 1, 3, '1980-12-31', 1, '2019-06-05 20:28:31', '2019-06-05 20:28:31', NULL),
(4, 'net 13', 'description du filet', 57.00, 99, 2, 3, '1983-01-04', 2, '2019-06-05 20:28:31', '2019-06-05 20:28:31', NULL),
(5, 'net 9', 'description du filet', 67.00, 39, 1, 3, '2005-09-13', 3, '2019-06-05 20:28:31', '2019-06-05 20:28:31', NULL),
(6, 'net 20', 'description du filet', 28.00, 15, 2, 1, '2008-05-13', 1, '2019-06-05 20:28:31', '2019-06-05 20:28:31', NULL),
(7, 'net 7', 'description du filet', 86.00, 31, 1, 1, '1993-06-16', 3, '2019-06-05 20:28:31', '2019-06-05 20:28:31', NULL),
(8, 'net 0', 'description du filet', 38.00, 30, 1, 1, '2006-01-22', 1, '2019-06-05 20:28:32', '2019-06-05 20:28:32', NULL),
(9, 'net 14', 'description du filet', 88.00, 22, 1, 2, '1974-11-01', 3, '2019-06-05 20:28:32', '2019-06-05 20:28:32', NULL),
(10, 'net 19', 'description du filet', 62.00, 52, 2, 1, '1971-02-20', 3, '2019-06-05 20:28:32', '2019-06-05 20:28:32', NULL),
(11, 'net 11', 'description du filet', 24.00, 87, 1, 1, '1983-08-31', 3, '2019-06-05 20:28:32', '2019-06-05 20:28:32', NULL),
(12, 'net 3', 'description du filet', 78.00, 64, 2, 2, '2019-03-04', 2, '2019-06-05 20:28:32', '2019-06-05 20:28:32', NULL),
(13, 'net 8', 'description du filet', 71.00, 30, 2, 3, '2012-06-23', 2, '2019-06-05 20:28:32', '2019-06-05 20:28:32', NULL),
(14, 'net 18', 'description du filet', 27.00, 53, 2, 1, '1998-07-13', 2, '2019-06-05 20:28:32', '2019-06-05 20:28:32', NULL),
(15, 'net 1', 'description du filet', 54.00, 23, 2, 1, '1996-09-03', 1, '2019-06-05 20:28:32', '2019-06-05 20:28:32', NULL),
(16, 'net 6', 'description du filet', 55.00, 14, 2, 2, '1982-06-19', 3, '2019-06-05 20:28:32', '2019-06-05 20:28:32', NULL),
(17, 'net 12', 'description du filet', 41.00, 92, 2, 3, '2002-11-30', 2, '2019-06-05 20:28:32', '2019-06-05 20:28:32', NULL),
(18, 'net 10', 'description du filet', 4.00, 30, 2, 2, '1970-02-21', 2, '2019-06-05 20:28:32', '2019-06-05 20:28:32', NULL),
(19, 'net 4', 'description du filet', 77.00, 5, 1, 3, '2015-10-02', 1, '2019-06-05 20:28:32', '2019-06-05 20:28:32', NULL),
(20, 'net 17', 'description du filet', 32.00, 35, 2, 2, '2003-11-05', 1, '2019-06-05 20:28:32', '2019-06-05 20:28:32', NULL),
(21, 'tttt', 'eeeee', 2.00, 3, 3, 1, '2019-01-01', 1, '2019-08-21 22:07:52', '2019-08-21 22:07:52', NULL);

-- --------------------------------------------------------

--
-- Table structure for table `oauth_access_tokens`
--

DROP TABLE IF EXISTS `oauth_access_tokens`;
CREATE TABLE `oauth_access_tokens` (
  `id` varchar(100) COLLATE utf8mb4_unicode_ci NOT NULL,
  `user_id` int(11) DEFAULT NULL,
  `client_id` int(10) UNSIGNED NOT NULL,
  `name` varchar(255) COLLATE utf8mb4_unicode_ci DEFAULT NULL,
  `scopes` text COLLATE utf8mb4_unicode_ci,
  `revoked` tinyint(1) NOT NULL,
  `created_at` timestamp NULL DEFAULT NULL,
  `updated_at` timestamp NULL DEFAULT NULL,
  `expires_at` datetime DEFAULT NULL
) ENGINE=InnoDB DEFAULT CHARSET=utf8mb4 COLLATE=utf8mb4_unicode_ci;

--
-- Dumping data for table `oauth_access_tokens`
--

INSERT INTO `oauth_access_tokens` (`id`, `user_id`, `client_id`, `name`, `scopes`, `revoked`, `created_at`, `updated_at`, `expires_at`) VALUES
('09b143d60aafd2750023ffb2f2c6fded136c4c728a3001a8a789dbc5f855786df0daea85c8762012', 1, 3, NULL, '[]', 0, '2019-07-19 18:43:14', '2019-07-19 18:43:14', '2020-07-19 14:43:14'),
('0d0ae5911cd418a1c813a2db2837dc0707efac9f815de0cf60452977f5cdaaed2775b0565dd11770', 1, 3, NULL, '[]', 0, '2019-08-06 02:29:26', '2019-08-06 02:29:26', '2020-08-05 22:29:26'),
('106e22626db2b09385beb8045ff3b4462c1fd8ee2ed0b7877bc9ddecf4d198f8f418d28162af2f5b', 1, 3, NULL, '[]', 0, '2019-08-06 17:51:24', '2019-08-06 17:51:24', '2020-08-06 13:51:24'),
('18df174ee2e01b5ea891a35702126ba4b9d2d2d777851ec2068937a733cc16cc5628ad0d03338900', 1, 3, NULL, '[]', 0, '2019-08-07 21:08:41', '2019-08-07 21:08:41', '2020-08-07 17:08:41'),
('2411d232b804bfee9e1a924e0ae6ee702b9a69212aa56cbb5f60a2cb9c40600b75b9ab6f66d35e85', 1, 3, NULL, '[]', 0, '2019-07-18 22:01:20', '2019-07-18 22:01:20', '2020-07-18 18:01:20'),
('25ee21b47ba3f32fc125ea3c82da187b23fca0d64f75f3898eb104c3a2879a17a91c062bf7173087', 1, 3, NULL, '[]', 0, '2019-08-06 02:56:09', '2019-08-06 02:56:09', '2020-08-05 22:56:09'),
('3895f0e3f42a34c19816d18dbd82bfc5bc31efbef96d94eee47326df094333c05f08162afbd1ac83', 1, 3, NULL, '[]', 0, '2019-07-16 17:47:22', '2019-07-16 17:47:22', '2020-07-16 13:47:22'),
('3d4967db08e35fc6285c35aa9fd4aed2e0adbae05cf5412fa4a09e846e4429f38b711c054226f735', 1, 3, NULL, '[]', 0, '2019-07-19 18:39:55', '2019-07-19 18:39:55', '2020-07-19 14:39:55'),
('41b261878512fdd37224dea9ad806b3e6c19c3439dcbb00e590c8c13315077059f950302f00e56a5', 1, 3, NULL, '[]', 0, '2019-07-16 23:10:30', '2019-07-16 23:10:30', '2020-07-16 19:10:30'),
('4442d7d4ba62083a9a49d3457a9b99091fe314f264c53db3865a58a095e6c11602fcc3784dc20579', 1, 3, NULL, '[]', 1, '2019-07-08 17:29:47', '2019-07-08 17:29:47', '2020-07-08 13:29:47'),
('4f3a474ab185e953810716e0f3d05e439857699846ff851ff0b389c998c90ab547c7096f16530c66', 1, 3, NULL, '[]', 0, '2019-07-16 21:27:22', '2019-07-16 21:27:22', '2020-07-16 17:27:22'),
('56018451182c3ccc14e6b677f013507ee5f1add62e9c7864ee140e2cce360a4b1ad5d8a151a8ee8b', 4, 3, NULL, '[]', 1, '2019-07-05 19:20:53', '2019-07-05 19:20:53', '2020-07-05 15:20:53'),
('57a0a14817ef9a85d19980188031de1a85add6adbd3fd917a7caac41240e18ad743d71641aa92e7c', 1, 3, NULL, '[]', 0, '2019-07-16 21:14:28', '2019-07-16 21:14:28', '2020-07-16 17:14:28'),
('61713b5f13a3f5268a8454b7766581b07cce952a64eff06893838179f68328105348cfe683298301', 1, 3, NULL, '[]', 0, '2019-07-19 20:51:30', '2019-07-19 20:51:30', '2020-07-19 16:51:30'),
('6fc128785744b793aae5a98458394815b26fabe11290b08f4947e9b0deff652a5d94a1c66163327b', 1, 3, NULL, '[]', 0, '2019-07-08 21:38:41', '2019-07-08 21:38:41', '2020-07-08 17:38:41'),
('8dcf7e327905e407ddfe3bcf366a952e925faebf2ffabf795407e6a95dee6407841e2ad88746cd38', 1, 3, NULL, '[]', 0, '2019-08-06 03:06:49', '2019-08-06 03:06:49', '2020-08-05 23:06:49'),
('9bd3609a8ced8ee295ef9010758ee2a94b03749a7216d0fb25d2f07f8f97342f156be363330ffba2', 4, 3, NULL, '[]', 0, '2019-07-05 19:21:44', '2019-07-05 19:21:44', '2020-07-05 15:21:44'),
('aa6b1217526184ae174eff4a217c62d2c6a2e76241d20e0e2f92fc686be2555e81b7abed2672c550', 1, 3, NULL, '[]', 0, '2019-08-06 02:57:49', '2019-08-06 02:57:49', '2020-08-05 22:57:49'),
('c2d26e4d0e8319f74eb689fa581e2aa6ce8423a0556c63ad4ab6dc228df9d3bde056fc66aa41bb7d', 1, 3, NULL, '[]', 0, '2019-07-19 20:47:32', '2019-07-19 20:47:32', '2020-07-19 16:47:32'),
('d0ef31a7cbe41cd60b97513a9dff7e589973b47987efccd543b6a760403f46b6e6ae6e2bf5142f31', 1, 3, NULL, '[]', 0, '2019-07-29 21:56:32', '2019-07-29 21:56:32', '2020-07-29 17:56:32'),
('d9e375ee63fed3208ebf7af5be1e4aa3b3e3e140e39d5c4d170c980178ded526a39b38fb015eb1fb', 2, 3, NULL, '[]', 0, '2019-07-15 22:52:59', '2019-07-15 22:52:59', '2020-07-15 18:52:59'),
('f7bcd538931094ecee5901ac99fc2394ace72b0b63b6c477ce7018b557b073e2de89bfb81d7c332e', 1, 3, NULL, '[]', 0, '2019-07-29 21:03:23', '2019-07-29 21:03:23', '2020-07-29 17:03:23');

-- --------------------------------------------------------

--
-- Table structure for table `oauth_auth_codes`
--

DROP TABLE IF EXISTS `oauth_auth_codes`;
CREATE TABLE `oauth_auth_codes` (
  `id` varchar(100) COLLATE utf8mb4_unicode_ci NOT NULL,
  `user_id` int(11) NOT NULL,
  `client_id` int(10) UNSIGNED NOT NULL,
  `scopes` text COLLATE utf8mb4_unicode_ci,
  `revoked` tinyint(1) NOT NULL,
  `expires_at` datetime DEFAULT NULL
) ENGINE=InnoDB DEFAULT CHARSET=utf8mb4 COLLATE=utf8mb4_unicode_ci;

-- --------------------------------------------------------

--
-- Table structure for table `oauth_clients`
--

DROP TABLE IF EXISTS `oauth_clients`;
CREATE TABLE `oauth_clients` (
  `id` int(10) UNSIGNED NOT NULL,
  `user_id` int(11) DEFAULT NULL,
  `name` varchar(255) COLLATE utf8mb4_unicode_ci NOT NULL,
  `secret` varchar(100) COLLATE utf8mb4_unicode_ci NOT NULL,
  `redirect` text COLLATE utf8mb4_unicode_ci NOT NULL,
  `personal_access_client` tinyint(1) NOT NULL,
  `password_client` tinyint(1) NOT NULL,
  `revoked` tinyint(1) NOT NULL,
  `created_at` timestamp NULL DEFAULT NULL,
  `updated_at` timestamp NULL DEFAULT NULL
) ENGINE=InnoDB DEFAULT CHARSET=utf8mb4 COLLATE=utf8mb4_unicode_ci;

--
-- Dumping data for table `oauth_clients`
--

INSERT INTO `oauth_clients` (`id`, `user_id`, `name`, `secret`, `redirect`, `personal_access_client`, `password_client`, `revoked`, `created_at`, `updated_at`) VALUES
(1, NULL, 'DarSiHmad Personal Access Client', 'GNnmxutniFuiBK7Wkhk9AzrR8gk1r65oEInML3kM', 'http://localhost:8000/login/callback', 1, 0, 0, '2019-06-17 16:45:07', '2019-06-17 16:45:07'),
(2, NULL, 'DarSiHmad Password Grant Client', '4VeErgIVRL24PtlI9cinsXmq8ypH2Ss6512Whkj9', 'http://localhost:8000/login/callback', 0, 1, 0, '2019-06-17 16:45:07', '2019-06-17 16:45:07'),
(3, 3, 'google', 'GjrCUN0QGniDjmSKfPmIRhh3EdSszI0pOpg2x0P3', 'http://localhost:8000/login/callback, http://localhost:8000/api/v1/login/callback', 0, 0, 0, '2019-06-17 17:20:14', '2019-06-17 17:20:14');

-- --------------------------------------------------------

--
-- Table structure for table `oauth_personal_access_clients`
--

DROP TABLE IF EXISTS `oauth_personal_access_clients`;
CREATE TABLE `oauth_personal_access_clients` (
  `id` int(10) UNSIGNED NOT NULL,
  `client_id` int(10) UNSIGNED NOT NULL,
  `created_at` timestamp NULL DEFAULT NULL,
  `updated_at` timestamp NULL DEFAULT NULL
) ENGINE=InnoDB DEFAULT CHARSET=utf8mb4 COLLATE=utf8mb4_unicode_ci;

-- --------------------------------------------------------

--
-- Table structure for table `oauth_refresh_tokens`
--

DROP TABLE IF EXISTS `oauth_refresh_tokens`;
CREATE TABLE `oauth_refresh_tokens` (
  `id` varchar(100) COLLATE utf8mb4_unicode_ci NOT NULL,
  `access_token_id` varchar(100) COLLATE utf8mb4_unicode_ci NOT NULL,
  `revoked` tinyint(1) NOT NULL,
  `expires_at` datetime DEFAULT NULL
) ENGINE=InnoDB DEFAULT CHARSET=utf8mb4 COLLATE=utf8mb4_unicode_ci;

--
-- Dumping data for table `oauth_refresh_tokens`
--

INSERT INTO `oauth_refresh_tokens` (`id`, `access_token_id`, `revoked`, `expires_at`) VALUES
('12df550029516f4bee32363c402e961d4eadce3f6a5ef2fcafa4066cb5248278e978aa12dd84730c', '9bd3609a8ced8ee295ef9010758ee2a94b03749a7216d0fb25d2f07f8f97342f156be363330ffba2', 0, '2020-07-05 15:21:44'),
('2880869440dad4157b8a45b1e182ff4992ed44218d9a2e8219056f039cdfafe03acfdbeaadf8f5c6', '106e22626db2b09385beb8045ff3b4462c1fd8ee2ed0b7877bc9ddecf4d198f8f418d28162af2f5b', 0, '2020-08-06 13:51:24'),
('2f9501d25ed147a47c341f52247e79be93eb1450775d006d8092b725aefe54f2ee15a91d18c141b7', '3895f0e3f42a34c19816d18dbd82bfc5bc31efbef96d94eee47326df094333c05f08162afbd1ac83', 0, '2020-07-16 13:47:22'),
('548018004bfb1be54e184ad61d769a138fde7f0590a7623f942fcecfe1670c3a9ba65b8c14cc59a3', '4442d7d4ba62083a9a49d3457a9b99091fe314f264c53db3865a58a095e6c11602fcc3784dc20579', 1, '2020-07-08 13:29:47'),
('6a9632e625ee852303e1df3773f585f889b5108fa06217e60b25cdbe8597c58a363cfc59df6371ac', '6fc128785744b793aae5a98458394815b26fabe11290b08f4947e9b0deff652a5d94a1c66163327b', 0, '2020-07-08 17:38:41'),
('6d7b3373c8540cabe773311dd7d202aa5290a8e19df6463c66e615a56923e4c712686d02378c84eb', 'f7bcd538931094ecee5901ac99fc2394ace72b0b63b6c477ce7018b557b073e2de89bfb81d7c332e', 0, '2020-07-29 17:03:23'),
('7020249f734e8c5c8bc51454014e04d750df6caccb4c6661e6f62ff3a931d0321d7f2096cdd83554', '57a0a14817ef9a85d19980188031de1a85add6adbd3fd917a7caac41240e18ad743d71641aa92e7c', 0, '2020-07-16 17:14:28'),
('782bdbc347b0a9359e3ca0c6438b07ec78c9a73e9fae8293cc9b3acb5a79a2f0d0541f2a8a7e6bc6', '61713b5f13a3f5268a8454b7766581b07cce952a64eff06893838179f68328105348cfe683298301', 0, '2020-07-19 16:51:30'),
('7c3fe67be68abb07e4cedcceaf3e90b48bb59dc349a455c388410ddb37353babd98f7c0c46cde6ba', 'aa6b1217526184ae174eff4a217c62d2c6a2e76241d20e0e2f92fc686be2555e81b7abed2672c550', 0, '2020-08-05 22:57:49'),
('8e4132b964b061b0b4bdccc8335b8bf0006481d266bcdf89d75aae18ac48b66c750062bdadc17a40', '4f3a474ab185e953810716e0f3d05e439857699846ff851ff0b389c998c90ab547c7096f16530c66', 0, '2020-07-16 17:27:22'),
('93e8585871149453d65757d1e5e55a27ac2def33d012f7ab749b5d13551f1c9fc3c377f424c456cf', '41b261878512fdd37224dea9ad806b3e6c19c3439dcbb00e590c8c13315077059f950302f00e56a5', 0, '2020-07-16 19:10:30'),
('a074d8f3b69cb37b014da94eef9c6209dc1d38275dd3598c4e1fce7eba10353919c1973faf2597d4', '3d4967db08e35fc6285c35aa9fd4aed2e0adbae05cf5412fa4a09e846e4429f38b711c054226f735', 0, '2020-07-19 14:39:55'),
('a3e10a6cc178a3e9ebfc31350cd567d454f35e618c3f369996ddd9cefc45fd4100bb9700e51ddfd7', '0d0ae5911cd418a1c813a2db2837dc0707efac9f815de0cf60452977f5cdaaed2775b0565dd11770', 0, '2020-08-05 22:29:26'),
('a498be8b0bb8d5f5f9e434a293e02e2d28c30de25d5bd2821f90f13cde7fb97464555b6c85d85364', 'd0ef31a7cbe41cd60b97513a9dff7e589973b47987efccd543b6a760403f46b6e6ae6e2bf5142f31', 0, '2020-07-29 17:56:32'),
('ac4c3630c7916b05e427ae3b68ac2e8055ac698080c802656a22b6b043ecfea08c2987733cb7c4cc', '8dcf7e327905e407ddfe3bcf366a952e925faebf2ffabf795407e6a95dee6407841e2ad88746cd38', 0, '2020-08-05 23:06:49'),
('c722722b6021d0e83647d2442c249123def67a5c47212abc18c00a7cba742621d9de7337bdb5200a', 'd9e375ee63fed3208ebf7af5be1e4aa3b3e3e140e39d5c4d170c980178ded526a39b38fb015eb1fb', 0, '2020-07-15 18:53:00'),
('d1329c050fbd7366625fe01d8d1eceb7a3745b661b01072e5a416c8537644994c0bc4e980c7a393d', '18df174ee2e01b5ea891a35702126ba4b9d2d2d777851ec2068937a733cc16cc5628ad0d03338900', 0, '2020-08-07 17:08:41'),
('d6c8d28808eb75f78c54ac4e2bd37482de618fe887d382b2bab438a76fb1ac93668b35e7c841ee86', 'c2d26e4d0e8319f74eb689fa581e2aa6ce8423a0556c63ad4ab6dc228df9d3bde056fc66aa41bb7d', 0, '2020-07-19 16:47:33'),
('d83c652a7ace26e3bc03e3331d06c5655bf1266aea8237200499961845e9cc0de38007e7c4fe933f', '2411d232b804bfee9e1a924e0ae6ee702b9a69212aa56cbb5f60a2cb9c40600b75b9ab6f66d35e85', 0, '2020-07-18 18:01:20'),
('e20b91933bc24c93b2757f07254bdcd7d635a3a9c689f610079c5181d1205951f74fdd953984e73b', '09b143d60aafd2750023ffb2f2c6fded136c4c728a3001a8a789dbc5f855786df0daea85c8762012', 0, '2020-07-19 14:43:15'),
('e24f014b89a5e6ac5cb60f484d88a90f147af05df96a9b249aecc82eff8516512e4eec846239ba74', '25ee21b47ba3f32fc125ea3c82da187b23fca0d64f75f3898eb104c3a2879a17a91c062bf7173087', 0, '2020-08-05 22:56:09'),
('e4bff7a85244bab950e62f7261c173e4c5cf84b1910599248878f255783996593b213ea15eb30da2', '56018451182c3ccc14e6b677f013507ee5f1add62e9c7864ee140e2cce360a4b1ad5d8a151a8ee8b', 1, '2020-07-05 15:20:53');

-- --------------------------------------------------------

--
-- Table structure for table `organisations`
--

DROP TABLE IF EXISTS `organisations`;
CREATE TABLE `organisations` (
  `id_organisation` smallint(5) UNSIGNED NOT NULL,
  `organisation` varchar(150) COLLATE utf8mb4_unicode_ci NOT NULL,
  `description` text COLLATE utf8mb4_unicode_ci,
  `telephone` varchar(45) COLLATE utf8mb4_unicode_ci NOT NULL,
  `address` varchar(255) COLLATE utf8mb4_unicode_ci NOT NULL,
  `website` varchar(255) COLLATE utf8mb4_unicode_ci DEFAULT NULL,
  `id_country` smallint(5) UNSIGNED NOT NULL,
  `status_id` tinyint(3) UNSIGNED NOT NULL DEFAULT '1',
  `created_at` timestamp NULL DEFAULT NULL,
  `updated_at` timestamp NULL DEFAULT NULL
) ENGINE=InnoDB DEFAULT CHARSET=utf8mb4 COLLATE=utf8mb4_unicode_ci;

--
-- Dumping data for table `organisations`
--

INSERT INTO `organisations` (`id_organisation`, `organisation`, `description`, `telephone`, `address`, `website`, `id_country`, `status_id`, `created_at`, `updated_at`) VALUES
(1, 'Dar Si Hmad', 'Lorem ipsuasd ads dasdesque augue egestas sit amet.', '00212909090900', 'Rue du Maroc', 'http://darsihmad.org', 147, 1, NULL, NULL),
(2, 'Cegep Ste-Foy', 'Lorem ipsum sit amet ultricies fe felis augue, non pellentesque augue egestas sit amet.', '+14186596600', '2410 Ch Ste-Foy, Québec, QC G1V 1T3', 'http://www.cegep-ste-foy.qc.ca/', 147, 1, NULL, NULL);

-- --------------------------------------------------------

--
-- Table structure for table `roles`
--

DROP TABLE IF EXISTS `roles`;
CREATE TABLE `roles` (
  `id_role` tinyint(3) UNSIGNED NOT NULL,
  `role` varchar(100) COLLATE utf8mb4_unicode_ci NOT NULL,
  `created_at` timestamp NULL DEFAULT NULL,
  `updated_at` timestamp NULL DEFAULT NULL
) ENGINE=InnoDB DEFAULT CHARSET=utf8mb4 COLLATE=utf8mb4_unicode_ci;

--
-- Dumping data for table `roles`
--

INSERT INTO `roles` (`id_role`, `role`, `created_at`, `updated_at`) VALUES
(1, 'Administrateur', NULL, NULL),
(2, 'Gestionnaire', NULL, NULL),
(3, 'Technicien', NULL, NULL),
(4, 'Utilisateur', NULL, NULL);

-- --------------------------------------------------------

--
-- Table structure for table `sites`
--

DROP TABLE IF EXISTS `sites`;
CREATE TABLE `sites` (
  `id_site` smallint(5) UNSIGNED NOT NULL,
  `site` varchar(150) COLLATE utf8mb4_unicode_ci NOT NULL,
  `longitude` decimal(9,6) NOT NULL,
  `latitude` decimal(9,6) NOT NULL,
  `description` text COLLATE utf8mb4_unicode_ci,
  `id_area` int(10) UNSIGNED NOT NULL,
  `id_organisation` smallint(5) UNSIGNED NOT NULL,
  `status_id` tinyint(3) UNSIGNED NOT NULL DEFAULT '1',
  `created_at` timestamp NULL DEFAULT NULL,
  `updated_at` timestamp NULL DEFAULT NULL,
  `deleted_at` timestamp NULL DEFAULT NULL
) ENGINE=InnoDB DEFAULT CHARSET=utf8mb4 COLLATE=utf8mb4_unicode_ci;

--
-- Dumping data for table `sites`
--

INSERT INTO `sites` (`id_site`, `site`, `longitude`, `latitude`, `description`, `id_area`, `id_organisation`, `status_id`, `created_at`, `updated_at`, `deleted_at`) VALUES
(1, 'Boutmezguida', '-10.022694', '29.205810', 'Premier site fonctionnel dans une montage du Maroc', 1, 1, 1, NULL, NULL, NULL),
(2, 'Tanger', '-5.833954', '35.759465', 'Deuxième site actuellement en construction', 2, 1, 1, NULL, NULL, NULL),
(3, 'Maniwaki', '-75.964752', '46.377517', 'Site du cegep ste-foy', 4, 2, 1, NULL, NULL, NULL);

-- --------------------------------------------------------

--
-- Table structure for table `status`
--

DROP TABLE IF EXISTS `status`;
CREATE TABLE `status` (
  `id_status` tinyint(3) UNSIGNED NOT NULL,
  `status_name` varchar(9) COLLATE utf8mb4_unicode_ci NOT NULL
) ENGINE=InnoDB DEFAULT CHARSET=utf8mb4 COLLATE=utf8mb4_unicode_ci;

--
-- Dumping data for table `status`
--

INSERT INTO `status` (`id_status`, `status_name`) VALUES
(1, 'Actif'),
(3, 'Désactivé'),
(2, 'Inactif');

-- --------------------------------------------------------

--
-- Table structure for table `type_filets`
--

DROP TABLE IF EXISTS `type_filets`;
CREATE TABLE `type_filets` (
  `id_type` smallint(5) UNSIGNED NOT NULL,
  `nom_type` varchar(150) COLLATE utf8mb4_unicode_ci NOT NULL,
  `description` longtext COLLATE utf8mb4_unicode_ci,
  `fabricantFilet_id` tinyint(3) UNSIGNED NOT NULL,
  `status_id` tinyint(3) UNSIGNED NOT NULL DEFAULT '1',
  `created_at` timestamp NULL DEFAULT NULL,
  `updated_at` timestamp NULL DEFAULT NULL
) ENGINE=InnoDB DEFAULT CHARSET=utf8mb4 COLLATE=utf8mb4_unicode_ci;

--
-- Dumping data for table `type_filets`
--

INSERT INTO `type_filets` (`id_type`, `nom_type`, `description`, `fabricantFilet_id`, `status_id`, `created_at`, `updated_at`) VALUES
(1, 'typeFile1', NULL, 1, 1, '2019-06-05 20:28:31', '2019-06-05 20:28:31'),
(2, 'typeFile2', NULL, 2, 1, '2019-06-05 20:28:31', '2019-06-05 20:28:31'),
(3, 'eeeeeeeeeeeee', 'eeeeeeeeeeeeeee', 4, 1, '2019-08-19 21:48:46', '2019-08-19 21:48:46');

-- --------------------------------------------------------

--
-- Table structure for table `users`
--

DROP TABLE IF EXISTS `users`;
CREATE TABLE `users` (
  `id_user` int(10) UNSIGNED NOT NULL,
  `created_at` timestamp NULL DEFAULT NULL,
  `updated_at` timestamp NULL DEFAULT NULL,
  `remember_token` varchar(100) COLLATE utf8mb4_unicode_ci DEFAULT NULL,
  `name` varchar(150) COLLATE utf8mb4_unicode_ci NOT NULL,
  `surname` varchar(150) COLLATE utf8mb4_unicode_ci NOT NULL,
  `email` varchar(255) COLLATE utf8mb4_unicode_ci NOT NULL,
  `role_id` tinyint(3) UNSIGNED NOT NULL DEFAULT '4',
  `address` varchar(255) COLLATE utf8mb4_unicode_ci DEFAULT NULL,
  `telephone` varchar(255) COLLATE utf8mb4_unicode_ci DEFAULT NULL,
  `id_country` smallint(5) UNSIGNED DEFAULT NULL,
  `id_organisation` smallint(5) UNSIGNED DEFAULT NULL,
  `status_id` tinyint(3) UNSIGNED NOT NULL DEFAULT '1',
  `deleted_at` timestamp NULL DEFAULT NULL
) ENGINE=InnoDB DEFAULT CHARSET=utf8mb4 COLLATE=utf8mb4_unicode_ci;

--
-- Dumping data for table `users`
--

INSERT INTO `users` (`id_user`, `created_at`, `updated_at`, `remember_token`, `name`, `surname`, `email`, `role_id`, `address`, `telephone`, `id_country`, `id_organisation`, `status_id`, `deleted_at`) VALUES
(1, '2019-03-01 02:10:09', '2019-03-01 02:10:09', '5B2Ot7okZCgvac5EZQSFuMggrDjXjSWIZKXbH5cydbGEH8qfOoueyvAMINAy', 'admin', 'darsihmad', 'darsihmadtesting@gmail.com', 1, 'rue de caen', '212-522866835', 147, 1, 1, NULL),
(5, '2019-08-21 21:20:29', '2019-08-21 21:20:29', NULL, 'ttttt', 'tttt', 'test@test.com78', 4, NULL, NULL, 1, NULL, 1, NULL);

--
-- Indexes for dumped tables
--

--
-- Indexes for table `areas`
--
ALTER TABLE `areas`
  ADD PRIMARY KEY (`id_area`),
  ADD KEY `areas_area_index` (`area`),
  ADD KEY `areas_status_id_index` (`status_id`);

--
-- Indexes for table `countries`
--
ALTER TABLE `countries`
  ADD PRIMARY KEY (`id_country`),
  ADD KEY `countries_country_index` (`country`);

--
-- Indexes for table `datas`
--
ALTER TABLE `datas`
  ADD PRIMARY KEY (`id_data`),
  ADD KEY `datas_measurementtime_index` (`MeasurementTime`),
  ADD KEY `datas_user_id_index` (`user_id`),
  ADD KEY `datas_filet_id_foreign` (`filet_id`);

--
-- Indexes for table `fabricant_filets`
--
ALTER TABLE `fabricant_filets`
  ADD PRIMARY KEY (`id_fabricant`),
  ADD KEY `fabricant_filets_status_id_index` (`status_id`),
  ADD KEY `fabricant_filets_nom_fabricant_index` (`nom_fabricant`),
  ADD KEY `fabricant_filets_id_country_foreign` (`id_country`);

--
-- Indexes for table `faqs`
--
ALTER TABLE `faqs`
  ADD PRIMARY KEY (`id_faq`);

--
-- Indexes for table `linked_social_accounts`
--
ALTER TABLE `linked_social_accounts`
  ADD PRIMARY KEY (`id`),
  ADD KEY `linked_social_accounts_user_id_foreign` (`user_id_user`);

--
-- Indexes for table `migrations`
--
ALTER TABLE `migrations`
  ADD PRIMARY KEY (`id`);

--
-- Indexes for table `nets`
--
ALTER TABLE `nets`
  ADD PRIMARY KEY (`id_filet`),
  ADD KEY `nets_name_index` (`name`),
  ADD KEY `nets_status_id_index` (`status_id`),
  ADD KEY `nets_type_filet_id_foreign` (`type_filet_id`),
  ADD KEY `nets_site_id_foreign` (`site_id`);

--
-- Indexes for table `oauth_access_tokens`
--
ALTER TABLE `oauth_access_tokens`
  ADD PRIMARY KEY (`id`),
  ADD KEY `oauth_access_tokens_user_id_index` (`user_id`);

--
-- Indexes for table `oauth_auth_codes`
--
ALTER TABLE `oauth_auth_codes`
  ADD PRIMARY KEY (`id`);

--
-- Indexes for table `oauth_clients`
--
ALTER TABLE `oauth_clients`
  ADD PRIMARY KEY (`id`),
  ADD KEY `oauth_clients_user_id_index` (`user_id`);

--
-- Indexes for table `oauth_personal_access_clients`
--
ALTER TABLE `oauth_personal_access_clients`
  ADD PRIMARY KEY (`id`),
  ADD KEY `oauth_personal_access_clients_client_id_index` (`client_id`);

--
-- Indexes for table `oauth_refresh_tokens`
--
ALTER TABLE `oauth_refresh_tokens`
  ADD PRIMARY KEY (`id`),
  ADD KEY `oauth_refresh_tokens_access_token_id_index` (`access_token_id`);

--
-- Indexes for table `organisations`
--
ALTER TABLE `organisations`
  ADD PRIMARY KEY (`id_organisation`),
  ADD KEY `organisations_organisation_index` (`organisation`),
  ADD KEY `organisations_status_id_index` (`status_id`);

--
-- Indexes for table `roles`
--
ALTER TABLE `roles`
  ADD PRIMARY KEY (`id_role`),
  ADD KEY `roles_role_index` (`role`);

--
-- Indexes for table `sites`
--
ALTER TABLE `sites`
  ADD PRIMARY KEY (`id_site`),
  ADD KEY `sites_status_id_index` (`status_id`),
  ADD KEY `sites_site_index` (`site`),
  ADD KEY `sites_id_area_index` (`id_area`),
  ADD KEY `sites_id_organisation_index` (`id_organisation`);

--
-- Indexes for table `status`
--
ALTER TABLE `status`
  ADD PRIMARY KEY (`id_status`),
  ADD KEY `status_status_name_index` (`status_name`);

--
-- Indexes for table `type_filets`
--
ALTER TABLE `type_filets`
  ADD PRIMARY KEY (`id_type`),
  ADD KEY `type_filets_nom_type_index` (`nom_type`),
  ADD KEY `type_filets_status_id_index` (`status_id`),
  ADD KEY `type_filets_fabricantfilet_id_foreign` (`fabricantFilet_id`);

--
-- Indexes for table `users`
--
ALTER TABLE `users`
  ADD PRIMARY KEY (`id_user`),
  ADD KEY `users_status_id_index` (`status_id`),
  ADD KEY `users_role_id_index` (`role_id`),
  ADD KEY `users_id_country_foreign` (`id_country`),
  ADD KEY `users_id_organisation_foreign` (`id_organisation`);

--
-- AUTO_INCREMENT for dumped tables
--

--
-- AUTO_INCREMENT for table `areas`
--
ALTER TABLE `areas`
  MODIFY `id_area` int(10) UNSIGNED NOT NULL AUTO_INCREMENT, AUTO_INCREMENT=5;

--
-- AUTO_INCREMENT for table `countries`
--
ALTER TABLE `countries`
  MODIFY `id_country` smallint(5) UNSIGNED NOT NULL AUTO_INCREMENT, AUTO_INCREMENT=256;

--
-- AUTO_INCREMENT for table `datas`
--
ALTER TABLE `datas`
  MODIFY `id_data` int(10) UNSIGNED NOT NULL AUTO_INCREMENT, AUTO_INCREMENT=520;

--
-- AUTO_INCREMENT for table `fabricant_filets`
--
ALTER TABLE `fabricant_filets`
  MODIFY `id_fabricant` tinyint(3) UNSIGNED NOT NULL AUTO_INCREMENT, AUTO_INCREMENT=5;

--
-- AUTO_INCREMENT for table `faqs`
--
ALTER TABLE `faqs`
  MODIFY `id_faq` int(10) UNSIGNED NOT NULL AUTO_INCREMENT, AUTO_INCREMENT=9;

--
-- AUTO_INCREMENT for table `linked_social_accounts`
--
ALTER TABLE `linked_social_accounts`
  MODIFY `id` int(10) UNSIGNED NOT NULL AUTO_INCREMENT, AUTO_INCREMENT=13;

--
-- AUTO_INCREMENT for table `migrations`
--
ALTER TABLE `migrations`
  MODIFY `id` int(10) UNSIGNED NOT NULL AUTO_INCREMENT, AUTO_INCREMENT=8;

--
-- AUTO_INCREMENT for table `nets`
--
ALTER TABLE `nets`
  MODIFY `id_filet` int(10) UNSIGNED NOT NULL AUTO_INCREMENT, AUTO_INCREMENT=22;

--
-- AUTO_INCREMENT for table `oauth_clients`
--
ALTER TABLE `oauth_clients`
  MODIFY `id` int(10) UNSIGNED NOT NULL AUTO_INCREMENT, AUTO_INCREMENT=4;

--
-- AUTO_INCREMENT for table `oauth_personal_access_clients`
--
ALTER TABLE `oauth_personal_access_clients`
  MODIFY `id` int(10) UNSIGNED NOT NULL AUTO_INCREMENT;

--
-- AUTO_INCREMENT for table `organisations`
--
ALTER TABLE `organisations`
  MODIFY `id_organisation` smallint(5) UNSIGNED NOT NULL AUTO_INCREMENT, AUTO_INCREMENT=3;

--
-- AUTO_INCREMENT for table `roles`
--
ALTER TABLE `roles`
  MODIFY `id_role` tinyint(3) UNSIGNED NOT NULL AUTO_INCREMENT, AUTO_INCREMENT=5;

--
-- AUTO_INCREMENT for table `sites`
--
ALTER TABLE `sites`
  MODIFY `id_site` smallint(5) UNSIGNED NOT NULL AUTO_INCREMENT, AUTO_INCREMENT=4;

--
-- AUTO_INCREMENT for table `status`
--
ALTER TABLE `status`
  MODIFY `id_status` tinyint(3) UNSIGNED NOT NULL AUTO_INCREMENT, AUTO_INCREMENT=4;

--
-- AUTO_INCREMENT for table `type_filets`
--
ALTER TABLE `type_filets`
  MODIFY `id_type` smallint(5) UNSIGNED NOT NULL AUTO_INCREMENT, AUTO_INCREMENT=4;

--
-- AUTO_INCREMENT for table `users`
--
ALTER TABLE `users`
  MODIFY `id_user` int(10) UNSIGNED NOT NULL AUTO_INCREMENT, AUTO_INCREMENT=7;

--
-- Constraints for dumped tables
--

--
-- Constraints for table `areas`
--
ALTER TABLE `areas`
  ADD CONSTRAINT `areas_status_id_foreign` FOREIGN KEY (`status_id`) REFERENCES `status` (`id_status`);

--
-- Constraints for table `datas`
--
ALTER TABLE `datas`
  ADD CONSTRAINT `datas_filet_id_foreign` FOREIGN KEY (`filet_id`) REFERENCES `nets` (`id_filet`),
  ADD CONSTRAINT `datas_user_id_foreign` FOREIGN KEY (`user_id`) REFERENCES `users` (`id_user`);

--
-- Constraints for table `fabricant_filets`
--
ALTER TABLE `fabricant_filets`
  ADD CONSTRAINT `fabricant_filets_id_country_foreign` FOREIGN KEY (`id_country`) REFERENCES `countries` (`id_country`),
  ADD CONSTRAINT `fabricant_filets_status_id_foreign` FOREIGN KEY (`status_id`) REFERENCES `status` (`id_status`);

--
-- Constraints for table `linked_social_accounts`
--
ALTER TABLE `linked_social_accounts`
  ADD CONSTRAINT `linked_social_accounts_user_id_foreign` FOREIGN KEY (`user_id_user`) REFERENCES `users` (`id_user`);

--
-- Constraints for table `nets`
--
ALTER TABLE `nets`
  ADD CONSTRAINT `nets_site_id_foreign` FOREIGN KEY (`site_id`) REFERENCES `sites` (`id_site`),
  ADD CONSTRAINT `nets_status_id_foreign` FOREIGN KEY (`status_id`) REFERENCES `status` (`id_status`),
  ADD CONSTRAINT `nets_type_filet_id_foreign` FOREIGN KEY (`type_filet_id`) REFERENCES `type_filets` (`id_type`);

--
-- Constraints for table `organisations`
--
ALTER TABLE `organisations`
  ADD CONSTRAINT `organisations_status_id_foreign` FOREIGN KEY (`status_id`) REFERENCES `status` (`id_status`);

--
-- Constraints for table `sites`
--
ALTER TABLE `sites`
  ADD CONSTRAINT `sites_id_area_foreign` FOREIGN KEY (`id_area`) REFERENCES `areas` (`id_area`),
  ADD CONSTRAINT `sites_id_organisation_foreign` FOREIGN KEY (`id_organisation`) REFERENCES `organisations` (`id_organisation`),
  ADD CONSTRAINT `sites_status_id_foreign` FOREIGN KEY (`status_id`) REFERENCES `status` (`id_status`);

--
-- Constraints for table `type_filets`
--
ALTER TABLE `type_filets`
  ADD CONSTRAINT `type_filets_fabricantfilet_id_foreign` FOREIGN KEY (`fabricantFilet_id`) REFERENCES `fabricant_filets` (`id_fabricant`),
  ADD CONSTRAINT `type_filets_status_id_foreign` FOREIGN KEY (`status_id`) REFERENCES `status` (`id_status`);

--
-- Constraints for table `users`
--
ALTER TABLE `users`
  ADD CONSTRAINT `users_id_country_foreign` FOREIGN KEY (`id_country`) REFERENCES `countries` (`id_country`),
  ADD CONSTRAINT `users_id_organisation_foreign` FOREIGN KEY (`id_organisation`) REFERENCES `organisations` (`id_organisation`),
  ADD CONSTRAINT `users_role_id_foreign` FOREIGN KEY (`role_id`) REFERENCES `roles` (`id_role`),
  ADD CONSTRAINT `users_status_id_foreign` FOREIGN KEY (`status_id`) REFERENCES `status` (`id_status`);
COMMIT;

/*!40101 SET CHARACTER_SET_CLIENT=@OLD_CHARACTER_SET_CLIENT */;
/*!40101 SET CHARACTER_SET_RESULTS=@OLD_CHARACTER_SET_RESULTS */;
/*!40101 SET COLLATION_CONNECTION=@OLD_COLLATION_CONNECTION */;
